{
  "test_info": {
    "timestamp": "2025-07-19T13:51:54.848021",
    "kernel_dir": "/root/yunwei37/ai-os/workloads/linux-build-bench/linux",
    "config": "tinyconfig",
    "jobs": 172,
    "repeat": 1,
    "clean_between": false
  },
  "results": {
    "baseline": {
      "build_times": [
        10.491832494735718
      ],
      "avg_build_time": 10.491832494735718,
      "std_build_time": 0.0,
      "min_build_time": 10.491832494735718,
      "max_build_time": 10.491832494735718,
      "scheduler": "baseline",
      "jobs": 172,
      "config": "tinyconfig",
      "runs": 1
    },
    "scx_bpfland": {
      "build_times": [
        10.721367120742798
      ],
      "avg_build_time": 10.721367120742798,
      "std_build_time": 0.0,
      "min_build_time": 10.721367120742798,
      "max_build_time": 10.721367120742798,
      "scheduler": "scx_bpfland",
      "jobs": 172,
      "config": "tinyconfig",
      "runs": 1
    },
    "scx_central": {
      "build_times": [
        5.580970048904419
      ],
      "avg_build_time": 5.580970048904419,
      "std_build_time": 0.0,
      "min_build_time": 5.580970048904419,
      "max_build_time": 5.580970048904419,
      "scheduler": "scx_central",
      "jobs": 172,
      "config": "tinyconfig",
      "runs": 1
    },
    "scx_chaos": {
      "build_times": [
        7.569268703460693
      ],
      "avg_build_time": 7.569268703460693,
      "std_build_time": 0.0,
      "min_build_time": 7.569268703460693,
      "max_build_time": 7.569268703460693,
      "scheduler": "scx_chaos",
      "jobs": 172,
      "config": "tinyconfig",
      "runs": 1
    },
    "scx_flash": {
      "build_times": [
        10.087778568267822
      ],
      "avg_build_time": 10.087778568267822,
      "std_build_time": 0.0,
      "min_build_time": 10.087778568267822,
      "max_build_time": 10.087778568267822,
      "scheduler": "scx_flash",
      "jobs": 172,
      "config": "tinyconfig",
      "runs": 1
    },
    "scx_flatcg": {
      "build_times": [
        10.957623720169067
      ],
      "avg_build_time": 10.957623720169067,
      "std_build_time": 0.0,
      "min_build_time": 10.957623720169067,
      "max_build_time": 10.957623720169067,
      "scheduler": "scx_flatcg",
      "jobs": 172,
      "config": "tinyconfig",
      "runs": 1
    },
    "scx_lavd": {
      "build_times": [
        7.519438028335571
      ],
      "avg_build_time": 7.519438028335571,
      "std_build_time": 0.0,
      "min_build_time": 7.519438028335571,
      "max_build_time": 7.519438028335571,
      "scheduler": "scx_lavd",
      "jobs": 172,
      "config": "tinyconfig",
      "runs": 1
    },
    "scx_layered": {
      "build_times": [
        5.61992335319519
      ],
      "avg_build_time": 5.61992335319519,
      "std_build_time": 0.0,
      "min_build_time": 5.61992335319519,
      "max_build_time": 5.61992335319519,
      "scheduler": "scx_layered",
      "jobs": 172,
      "config": "tinyconfig",
      "runs": 1
    },
    "scx_mitosis": {
      "build_times": [
        11.106939792633057
      ],
      "avg_build_time": 11.106939792633057,
      "std_build_time": 0.0,
      "min_build_time": 11.106939792633057,
      "max_build_time": 11.106939792633057,
      "scheduler": "scx_mitosis",
      "jobs": 172,
      "config": "tinyconfig",
      "runs": 1
    },
    "scx_nest": {
      "build_times": [
        5.784791707992554
      ],
      "avg_build_time": 5.784791707992554,
      "std_build_time": 0.0,
      "min_build_time": 5.784791707992554,
      "max_build_time": 5.784791707992554,
      "scheduler": "scx_nest",
      "jobs": 172,
      "config": "tinyconfig",
      "runs": 1
    },
    "scx_p2dq": {
      "build_times": [
        7.659862995147705
      ],
      "avg_build_time": 7.659862995147705,
      "std_build_time": 0.0,
      "min_build_time": 7.659862995147705,
      "max_build_time": 7.659862995147705,
      "scheduler": "scx_p2dq",
      "jobs": 172,
      "config": "tinyconfig",
      "runs": 1
    },
    "scx_pair": {
      "build_times": [
        10.779670238494873
      ],
      "avg_build_time": 10.779670238494873,
      "std_build_time": 0.0,
      "min_build_time": 10.779670238494873,
      "max_build_time": 10.779670238494873,
      "scheduler": "scx_pair",
      "jobs": 172,
      "config": "tinyconfig",
      "runs": 1
    },
    "scx_prev": {
      "build_times": [
        11.062659978866577
      ],
      "avg_build_time": 11.062659978866577,
      "std_build_time": 0.0,
      "min_build_time": 11.062659978866577,
      "max_build_time": 11.062659978866577,
      "scheduler": "scx_prev",
      "jobs": 172,
      "config": "tinyconfig",
      "runs": 1
    },
    "scx_qmap": {
      "build_times": [
        11.808737993240356
      ],
      "avg_build_time": 11.808737993240356,
      "std_build_time": 0.0,
      "min_build_time": 11.808737993240356,
      "max_build_time": 11.808737993240356,
      "scheduler": "scx_qmap",
      "jobs": 172,
      "config": "tinyconfig",
      "runs": 1
    },
    "scx_rlfifo": {
      "build_times": [
        11.241905212402344
      ],
      "avg_build_time": 11.241905212402344,
      "std_build_time": 0.0,
      "min_build_time": 11.241905212402344,
      "max_build_time": 11.241905212402344,
      "scheduler": "scx_rlfifo",
      "jobs": 172,
      "config": "tinyconfig",
      "runs": 1
    },
    "scx_rustland": {
      "build_times": [
        28.013998985290527
      ],
      "avg_build_time": 28.013998985290527,
      "std_build_time": 0.0,
      "min_build_time": 28.013998985290527,
      "max_build_time": 28.013998985290527,
      "scheduler": "scx_rustland",
      "jobs": 172,
      "config": "tinyconfig",
      "runs": 1
    },
    "scx_rusty": {
      "build_times": [
        6.436273574829102
      ],
      "avg_build_time": 6.436273574829102,
      "std_build_time": 0.0,
      "min_build_time": 6.436273574829102,
      "max_build_time": 6.436273574829102,
      "scheduler": "scx_rusty",
      "jobs": 172,
      "config": "tinyconfig",
      "runs": 1
    },
    "scx_sdt": {
      "build_times": [
        10.775334358215332
      ],
      "avg_build_time": 10.775334358215332,
      "std_build_time": 0.0,
      "min_build_time": 10.775334358215332,
      "max_build_time": 10.775334358215332,
      "scheduler": "scx_sdt",
      "jobs": 172,
      "config": "tinyconfig",
      "runs": 1
    },
    "scx_simple": {
      "build_times": [
        10.99726152420044
      ],
      "avg_build_time": 10.99726152420044,
      "std_build_time": 0.0,
      "min_build_time": 10.99726152420044,
      "max_build_time": 10.99726152420044,
      "scheduler": "scx_simple",
      "jobs": 172,
      "config": "tinyconfig",
      "runs": 1
    },
    "scx_tickless": {
      "build_times": [
        5.841474771499634
      ],
      "avg_build_time": 5.841474771499634,
      "std_build_time": 0.0,
      "min_build_time": 5.841474771499634,
      "max_build_time": 5.841474771499634,
      "scheduler": "scx_tickless",
      "jobs": 172,
      "config": "tinyconfig",
      "runs": 1
    },
    "scx_userland": {
      "build_times": [
        8.132451057434082
      ],
      "avg_build_time": 8.132451057434082,
      "std_build_time": 0.0,
      "min_build_time": 8.132451057434082,
      "max_build_time": 8.132451057434082,
      "scheduler": "scx_userland",
      "jobs": 172,
      "config": "tinyconfig",
      "runs": 1
    }
  }
}