{
  "system_info": {
    "system": {
      "platform": "Linux",
      "platform_release": "6.14.0-22-generic",
      "platform_version": "#22-Ubuntu SMP PREEMPT_DYNAMIC Wed May 21 15:01:51 UTC 2025",
      "architecture": "x86_64",
      "hostname": "gpu01",
      "processor": "x86_64",
      "python_version": "3.12.2"
    },
    "cpu": {
      "cpu_count": 86,
      "cpu_count_logical": 172,
      "cpu_freq": 816.7639360465116,
      "cpu_percent": 0.0
    },
    "memory": {
      "total_memory_gb": 758.93,
      "available_memory_gb": 738.33,
      "memory_percent": 2.7
    },
    "kernel": "Linux gpu01 6.14.0-22-generic #22-Ubuntu SMP PREEMPT_DYNAMIC Wed May 21 15:01:51 UTC 2025 x86_64 x86_64 x86_64 GNU/Linux",
    "timestamp": "2025-07-19T17:55:41.665820"
  },
  "dataset": "sharegpt_vicuna",
  "config": {
    "num_samples": 1000,
    "max_concurrent": 64,
    "model": "Llama-3.2-3B-Instruct-Q4_K_M.gguf",
    "server_binary": "llama-server",
    "schedulers_tested": 21
  },
  "results": {
    "default": {
      "total_requests": 1000,
      "successful_requests": 197,
      "failed_requests": 803,
      "ttft_mean": 116410.13322021755,
      "ttft_median": 113880.7201385498,
      "ttft_p99": 247796.48212432858,
      "total_time_mean": 158778.17920137782,
      "total_time_median": 156304.70514297485,
      "total_time_p99": 282511.186504364,
      "tokens_per_second_mean": 1.7840825893639312,
      "tokens_per_second_median": 1.1590489851747898,
      "total_tokens_generated": 38434,
      "avg_response_tokens": 195.0964467005076
    },
    "scx_bpfland": {
      "total_requests": 1000,
      "successful_requests": 199,
      "failed_requests": 801,
      "ttft_mean": 116940.82203702112,
      "ttft_median": 131794.96669769287,
      "ttft_p99": 243815.096244812,
      "total_time_mean": 159369.47337706483,
      "total_time_median": 167110.98551750183,
      "total_time_p99": 289341.2481403351,
      "tokens_per_second_mean": 1.746858470770974,
      "tokens_per_second_median": 1.1231760154269053,
      "total_tokens_generated": 38765,
      "avg_response_tokens": 194.79899497487438
    },
    "scx_central": {
      "total_requests": 1000,
      "successful_requests": 199,
      "failed_requests": 801,
      "ttft_mean": 114017.19997156804,
      "ttft_median": 119604.8686504364,
      "ttft_p99": 242705.13940334323,
      "total_time_mean": 155941.39111820777,
      "total_time_median": 145768.28575134277,
      "total_time_p99": 286802.621126175,
      "tokens_per_second_mean": 1.7887124375697847,
      "tokens_per_second_median": 1.14217947309589,
      "total_tokens_generated": 38745,
      "avg_response_tokens": 194.69849246231155
    },
    "scx_chaos": {
      "total_requests": 1000,
      "successful_requests": 199,
      "failed_requests": 801,
      "ttft_mean": 116273.1545977856,
      "ttft_median": 113181.9200515747,
      "ttft_p99": 245780.528755188,
      "total_time_mean": 158749.35417199254,
      "total_time_median": 152318.16411018372,
      "total_time_p99": 292404.1794538498,
      "tokens_per_second_mean": 1.730396017373957,
      "tokens_per_second_median": 1.1241799183481085,
      "total_tokens_generated": 38773,
      "avg_response_tokens": 194.8391959798995
    },
    "scx_flash": {
      "total_requests": 1000,
      "successful_requests": 200,
      "failed_requests": 800,
      "ttft_mean": 117512.54623293877,
      "ttft_median": 127808.98439884186,
      "ttft_p99": 251722.68526792523,
      "total_time_mean": 160101.82181954384,
      "total_time_median": 159206.24220371246,
      "total_time_p99": 294619.83278751373,
      "tokens_per_second_mean": 1.7132426282074618,
      "tokens_per_second_median": 1.1494913400371447,
      "total_tokens_generated": 38809,
      "avg_response_tokens": 194.045
    },
    "scx_flatcg": {
      "total_requests": 1000,
      "successful_requests": 196,
      "failed_requests": 804,
      "ttft_mean": 118794.02790020923,
      "ttft_median": 111752.68638134003,
      "ttft_p99": 235444.45613622683,
      "total_time_mean": 161714.34154315872,
      "total_time_median": 152353.38640213013,
      "total_time_p99": 279653.49496603035,
      "tokens_per_second_mean": 1.6518522599319756,
      "tokens_per_second_median": 1.1321812907522841,
      "total_tokens_generated": 38121,
      "avg_response_tokens": 194.49489795918367
    },
    "scx_lavd": {
      "total_requests": 1000,
      "successful_requests": 198,
      "failed_requests": 802,
      "ttft_mean": 124715.08987142582,
      "ttft_median": 134833.7367773056,
      "ttft_p99": 281221.6151213646,
      "total_time_mean": 167430.62966158896,
      "total_time_median": 171865.22734165192,
      "total_time_p99": 295183.54384183884,
      "tokens_per_second_mean": 1.6195498423022008,
      "tokens_per_second_median": 1.116058005993088,
      "total_tokens_generated": 38443,
      "avg_response_tokens": 194.15656565656565
    },
    "scx_layered": {
      "total_requests": 1000,
      "successful_requests": 198,
      "failed_requests": 802,
      "ttft_mean": 114118.77909091988,
      "ttft_median": 123565.26255607605,
      "ttft_p99": 238815.89294433594,
      "total_time_mean": 156038.31420643162,
      "total_time_median": 160807.2955608368,
      "total_time_p99": 284532.697455883,
      "tokens_per_second_mean": 1.8110798573464602,
      "tokens_per_second_median": 1.163569417558036,
      "total_tokens_generated": 38731,
      "avg_response_tokens": 195.61111111111111
    },
    "scx_mitosis": {
      "total_requests": 1000,
      "successful_requests": 200,
      "failed_requests": 800,
      "ttft_mean": 115171.59756064415,
      "ttft_median": 130746.96338176727,
      "ttft_p99": 249774.04897451398,
      "total_time_mean": 156355.9572470188,
      "total_time_median": 163680.5840730667,
      "total_time_p99": 292908.5080623627,
      "tokens_per_second_mean": 1.8105873769011707,
      "tokens_per_second_median": 1.1565966474227714,
      "total_tokens_generated": 39285,
      "avg_response_tokens": 196.425
    },
    "scx_nest": {
      "total_requests": 1000,
      "successful_requests": 199,
      "failed_requests": 801,
      "ttft_mean": 122094.30663190296,
      "ttft_median": 139521.40855789185,
      "ttft_p99": 250013.38959693912,
      "total_time_mean": 164495.60655780774,
      "total_time_median": 160178.48777770996,
      "total_time_p99": 291847.07487583166,
      "tokens_per_second_mean": 1.6615207685813778,
      "tokens_per_second_median": 1.0835466486879426,
      "total_tokens_generated": 38687,
      "avg_response_tokens": 194.4070351758794
    },
    "scx_p2dq": {
      "total_requests": 1000,
      "successful_requests": 198,
      "failed_requests": 802,
      "ttft_mean": 120508.04493523607,
      "ttft_median": 121977.38242149353,
      "ttft_p99": 249571.21425390244,
      "total_time_mean": 163097.23796386912,
      "total_time_median": 160298.55358600616,
      "total_time_p99": 289311.4361166954,
      "tokens_per_second_mean": 1.6648079974781964,
      "tokens_per_second_median": 1.0889813273743025,
      "total_tokens_generated": 38655,
      "avg_response_tokens": 195.22727272727272
    },
    "scx_pair": {
      "total_requests": 1000,
      "successful_requests": 195,
      "failed_requests": 805,
      "ttft_mean": 116443.04082454779,
      "ttft_median": 129922.52326011658,
      "ttft_p99": 238192.91501522067,
      "total_time_mean": 159352.176737174,
      "total_time_median": 166731.42385482788,
      "total_time_p99": 275968.6278390885,
      "tokens_per_second_mean": 1.7226321797204671,
      "tokens_per_second_median": 1.1539253768744275,
      "total_tokens_generated": 38564,
      "avg_response_tokens": 197.76410256410256
    },
    "scx_prev": {
      "total_requests": 1000,
      "successful_requests": 193,
      "failed_requests": 807,
      "ttft_mean": 120995.96162163532,
      "ttft_median": 107982.9261302948,
      "ttft_p99": 245114.35641288757,