{
  "test_id": "compression",
  "timestamp": "2025-07-31T21:35:10.481332",
  "status": "success",
  "scheduler_type": "default",
  "scheduler_path": "default",
  "results": {
    "test_id": "compression",
    "test_name": "File Compression",
    "start_time": 1753968910.5260148,
    "setup_time": 4.76837158203125e-07,
    "status": "success",
    "parallel_execution": {
      "short_tasks": {
        "count": 39,
        "total_time": 152.9903404712677,
        "avg_time": 3.922829242853018,
        "min_time": 2.6667327880859375,
        "max_time": 4.661559343338013,
        "times": [
          2.6667327880859375,
          2.8542370796203613,
          3.0611650943756104,
          3.11016845703125,
          3.244673490524292,
          3.2558414936065674,
          3.2584269046783447,
          3.3040924072265625,
          3.4213552474975586,
          3.547335624694824,
          3.5536181926727295,
          3.5547935962677,
          3.5738370418548584,
          3.6474475860595703,
          3.730276346206665,
          3.74955153465271,
          3.823274612426758,
          3.8808579444885254,
          3.8766791820526123,
          3.9286296367645264,
          4.0655505657196045,
          4.086275815963745,
          4.219277620315552,
          4.268511056900024,
          4.280794620513916,
          4.388951301574707,
          4.393507480621338,
          4.4028496742248535,
          4.414656162261963,
          4.415717840194702,
          4.418428659439087,
          4.472639560699463,
          4.51216721534729,
          4.549168348312378,
          4.552839756011963,
          4.590661525726318,
          4.621035099029541,
          4.632754564285278,
          4.661559343338013
        ]
      },
      "long_tasks": {
        "count": 1,
        "total_time": 8.519657850265503,
        "avg_time": 8.519657850265503,
        "min_time": 8.519657850265503,
        "max_time": 8.519657850265503,
        "times": [
          8.519657850265503
        ]
      },
      "imbalance_ratio": 1.8276411867289055,
      "wall_clock_time": 8.548438549041748,
      "execution_mode": "parallel",
      "short_tasks_completion_time": 4.661559343338013,
      "long_tasks_completion_time": 8.519657850265503,
      "parallel_efficiency": 0.4723377181544984
    },
    "total_time": 10.528515100479126
  },
  "run_number": 3,
  "scheduler": "default"
}