{
  "test_id": "compression",
  "timestamp": "2025-07-31T21:34:57.659393",
  "status": "success",
  "scheduler_type": "default",
  "scheduler_path": "default",
  "results": {
    "test_id": "compression",
    "test_name": "File Compression",
    "start_time": 1753968897.7022738,
    "setup_time": 4.76837158203125e-07,
    "status": "success",
    "parallel_execution": {
      "short_tasks": {
        "count": 39,
        "total_time": 150.93751859664917,
        "avg_time": 3.8701927845294657,
        "min_time": 2.1078710556030273,
        "max_time": 4.62072229385376,
        "times": [
          2.1078710556030273,
          2.5452158451080322,
          2.569946050643921,
          2.61519718170166,
          2.7535665035247803,
          2.9475958347320557,
          2.966082811355591,
          3.0940868854522705,
          3.24808406829834,
          3.55484938621521,
          3.5974087715148926,
          3.623514413833618,
          3.8333325386047363,
          3.838695764541626,
          3.8566927909851074,
          3.9213428497314453,
          3.9930877685546875,
          3.9995086193084717,
          4.031399726867676,
          4.073694944381714,
          4.111518144607544,
          4.140707492828369,
          4.1601033210754395,
          4.195457220077515,
          4.252676010131836,
          4.32541036605835,
          4.378093957901001,
          4.38661003112793,
          4.391966819763184,
          4.422097682952881,
          4.423433542251587,
          4.485426902770996,
          4.484467029571533,
          4.554853200912476,
          4.603402376174927,
          4.605662822723389,
          4.6067798137664795,
          4.616955757141113,
          4.62072229385376
        ]
      },
      "long_tasks": {
        "count": 1,
        "total_time": 8.78344440460205,
        "avg_time": 8.78344440460205,
        "min_time": 8.78344440460205,
        "max_time": 8.78344440460205,
        "times": [
          8.78344440460205
        ]
      },
      "imbalance_ratio": 1.9008812575222978,
      "wall_clock_time": 8.81238341331482,
      "execution_mode": "parallel",
      "short_tasks_completion_time": 4.62072229385376,
      "long_tasks_completion_time": 8.78344440460205,
      "parallel_efficiency": 0.4531151094717616
    },
    "total_time": 10.771342277526855
  },
  "run_number": 2,
  "scheduler": "default"
}