{
  "test_id": "ctest_suite",
  "timestamp": "2025-07-31T21:45:21.819248",
  "status": "success",
  "scheduler_type": "custom",
  "scheduler_path": "/home/yunwei37/ai-os/workloads/processing/schedulers/ctest_suite.bpf.o",
  "results": {
    "test_id": "ctest_suite",
    "test_name": "CTest Suite with Slow Integration Test",
    "start_time": 1753969523.8858018,
    "setup_time": 9.5367431640625e-07,
    "status": "success",
    "parallel_execution": {
      "short_tasks": {
        "count": 39,
        "total_time": 325.53783106803894,
        "avg_time": 8.34712387353946,
        "min_time": 3.1702253818511963,
        "max_time": 14.134097576141357,
        "times": [
          3.1702253818511963,
          3.198312520980835,
          3.1976866722106934,
          3.2204673290252686,
          3.2590904235839844,
          3.3086647987365723,
          3.4975242614746094,
          3.657726526260376,
          3.8043136596679688,
          4.017362833023071,
          4.645191192626953,
          5.2371909618377686,
          5.532998085021973,
          6.416165828704834,
          7.007397413253784,
          7.10688328742981,
          7.492358684539795,
          7.966534614562988,
          8.150952577590942,
          8.39829134941101,
          8.532459259033203,
          8.711230993270874,
          9.118789672851562,
          9.69167160987854,
          10.198588609695435,
          10.473831415176392,
          10.685505628585815,
          11.267661333084106,
          11.867021560668945,
          12.214032888412476,
          12.577701330184937,
          12.696045398712158,
          12.975345611572266,
          13.119204998016357,
          13.26958966255188,
          13.857678651809692,
          13.92192554473877,
          13.940110921859741,
          14.134097576141357
        ]
      },
      "long_tasks": {
        "count": 1,
        "total_time": 18.61907172203064,
        "avg_time": 18.61907172203064,
        "min_time": 18.61907172203064,
        "max_time": 18.61907172203064,
        "times": [
          18.61907172203064
        ]
      },
      "imbalance_ratio": 1.3173159178878182,
      "wall_clock_time": 18.666613340377808,
      "execution_mode": "parallel",
      "short_tasks_completion_time": 14.134097576141357,
      "long_tasks_completion_time": 18.61907172203064,
      "parallel_efficiency": 0.4609257401362982
    },
    "total_time": 20.783218145370483
  },
  "run_number": 2,
  "scheduler": "custom"
}