{
  "test_id": "ctest_suite",
  "timestamp": "2025-07-31T21:43:39.268623",
  "status": "success",
  "scheduler_type": "default",
  "scheduler_path": "default",
  "results": {
    "test_id": "ctest_suite",
    "test_name": "CTest Suite with Slow Integration Test",
    "start_time": 1753969419.3154562,
    "setup_time": 1.430511474609375e-06,
    "status": "success",
    "parallel_execution": {
      "short_tasks": {
        "count": 39,
        "total_time": 457.5449526309967,
        "avg_time": 11.731921862333248,
        "min_time": 8.103476285934448,
        "max_time": 13.922983407974243,
        "times": [
          8.10416293144226,
          8.103476285934448,
          8.745590209960938,
          8.993302345275879,
          9.130082368850708,
          9.190180540084839,
          10.012815713882446,
          10.238120555877686,
          10.486891508102417,
          10.534985780715942,
          11.0469331741333,
          11.039953470230103,
          11.109952926635742,
          11.244712591171265,
          11.341421127319336,
          11.402727603912354,
          11.447109699249268,
          11.897387266159058,
          11.92382001876831,
          11.922286987304688,
          12.088431358337402,
          12.131646633148193,
          12.384394407272339,
          12.399165630340576,
          12.474395513534546,
          12.91648268699646,
          12.958821773529053,
          13.191091060638428,
          13.2509286403656,
          13.354909181594849,
          13.363014698028564,
          13.47915530204773,
          13.508642196655273,
          13.538944482803345,
          13.548897504806519,
          13.60222840309143,
          13.674510478973389,
          13.840396165847778,
          13.922983407974243
        ]
      },
      "long_tasks": {
        "count": 1,
        "total_time": 23.32934260368347,
        "avg_time": 23.32934260368347,
        "min_time": 23.32934260368347,
        "max_time": 23.32934260368347,
        "times": [
          23.32934260368347
        ]
      },
      "imbalance_ratio": 1.675599397060391,
      "wall_clock_time": 23.370792627334595,
      "execution_mode": "parallel",
      "short_tasks_completion_time": 13.922983407974243,
      "long_tasks_completion_time": 23.32934260368347,
      "parallel_efficiency": 0.5143966476689448
    },
    "total_time": 25.638059616088867
  },
  "run_number": 1,
  "scheduler": "default"
}