{
  "test_id": "ddos_log_analysis",
  "timestamp": "2025-07-31T21:55:17.875590",
  "status": "success",
  "scheduler_type": "default",
  "scheduler_path": "default",
  "results": {
    "test_id": "ddos_log_analysis",
    "test_name": "DDoS Log Analysis",
    "start_time": 1753970117.9160619,
    "setup_time": 9.5367431640625e-07,
    "status": "success",
    "parallel_execution": {
      "short_tasks": {
        "count": 39,
        "total_time": 77.72651982307434,
        "avg_time": 1.992987687771137,
        "min_time": 0.6656782627105713,
        "max_time": 2.5371413230895996,
        "times": [
          0.6656782627105713,
          0.8033432960510254,
          0.9105484485626221,
          1.2974350452423096,
          1.3293747901916504,
          1.39131760597229,
          1.4168837070465088,
          1.438206672668457,
          1.7437083721160889,
          1.746398687362671,
          1.7899525165557861,
          1.7917323112487793,
          1.8199284076690674,
          1.8666880130767822,
          1.9184837341308594,
          1.9353907108306885,
          1.9558298587799072,
          2.0408053398132324,
          2.0837175846099854,
          2.0947117805480957,
          2.161813497543335,
          2.1874945163726807,
          2.236509323120117,
          2.30127215385437,
          2.3230183124542236,
          2.3837532997131348,
          2.382631540298462,
          2.402400255203247,
          2.4321365356445312,
          2.451503276824951,
          2.458301544189453,
          2.4761078357696533,
          2.482883930206299,
          2.4843084812164307,
          2.4831953048706055,
          2.4964890480041504,
          2.4949989318847656,
          2.510425567626953,
          2.5371413230895996
        ]
      },
      "long_tasks": {
        "count": 1,
        "total_time": 6.461787939071655,
        "avg_time": 6.461787939071655,
        "min_time": 6.461787939071655,
        "max_time": 6.461787939071655,
        "times": [
          6.461787939071655
        ]
      },
      "imbalance_ratio": 2.546877416825494,
      "wall_clock_time": 6.4887754917144775,
      "execution_mode": "parallel",
      "short_tasks_completion_time": 2.5371413230895996,
      "long_tasks_completion_time": 6.461787939071655,
      "parallel_efficiency": 0.3243613061880709
    },
    "total_time": 26.555628538131714
  },
  "run_number": 2,
  "scheduler": "default"
}