{
  "test_id": "ddos_log_analysis",
  "timestamp": "2025-07-31T21:54:47.337716",
  "status": "success",
  "scheduler_type": "default",
  "scheduler_path": "default",
  "results": {
    "test_id": "ddos_log_analysis",
    "test_name": "DDoS Log Analysis",
    "start_time": 1753970087.3813894,
    "setup_time": 4.76837158203125e-07,
    "status": "success",
    "parallel_execution": {
      "short_tasks": {
        "count": 39,
        "total_time": 90.02572774887085,
        "avg_time": 2.308351993560791,
        "min_time": 0.6803183555603027,
        "max_time": 2.9965901374816895,
        "times": [
          0.6803183555603027,
          1.0671496391296387,
          1.2620351314544678,
          1.269223928451538,
          1.4061095714569092,
          1.6888771057128906,
          1.7091319561004639,
          1.7952210903167725,
          1.890472173690796,
          1.9099922180175781,
          1.920950174331665,
          2.071359872817993,
          2.1303393840789795,
          2.154327154159546,
          2.229674816131592,
          2.2511136531829834,
          2.3282196521759033,
          2.3462460041046143,
          2.3880226612091064,
          2.4481515884399414,
          2.4740030765533447,
          2.481006383895874,
          2.5937418937683105,
          2.658601999282837,
          2.674259662628174,
          2.7065789699554443,
          2.7101101875305176,
          2.804142951965332,
          2.818490743637085,
          2.870755910873413,
          2.890047550201416,
          2.89093279838562,
          2.895954132080078,
          2.9030306339263916,
          2.9059882164001465,
          2.917849540710449,
          2.941192865371704,
          2.945513963699341,
          2.9965901374816895
        ]
      },
      "long_tasks": {
        "count": 1,
        "total_time": 6.399205923080444,
        "avg_time": 6.399205923080444,
        "min_time": 6.399205923080444,
        "max_time": 6.399205923080444,
        "times": [
          6.399205923080444
        ]
      },
      "imbalance_ratio": 2.1354958901581003,
      "wall_clock_time": 6.425544023513794,
      "execution_mode": "parallel",
      "short_tasks_completion_time": 2.9965901374816895,
      "long_tasks_completion_time": 6.399205923080444,
      "parallel_efficiency": 0.3751625283364783
    },
    "total_time": 28.48211646080017
  },
  "run_number": 1,
  "scheduler": "default"
}