{
  "test_id": "ddos_log_analysis",
  "timestamp": "2025-07-31T21:57:24.871874",
  "status": "success",
  "scheduler_type": "custom",
  "scheduler_path": "/home/yunwei37/ai-os/workloads/processing/schedulers/ddos_log_analysis.bpf.o",
  "results": {
    "test_id": "ddos_log_analysis",
    "test_name": "DDoS Log Analysis",
    "start_time": 1753970246.9351983,
    "setup_time": 1.430511474609375e-06,
    "status": "success",
    "parallel_execution": {
      "short_tasks": {
        "count": 39,
        "total_time": 63.57402491569519,
        "avg_time": 1.6301032029665434,
        "min_time": 0.40874528884887695,
        "max_time": 2.728611707687378,
        "times": [
          0.40874528884887695,
          0.44931578636169434,
          0.4744691848754883,
          0.748626708984375,
          0.7813155651092529,
          0.7988157272338867,
          0.8334383964538574,
          0.8557887077331543,
          1.0731120109558105,
          1.160996437072754,
          1.171454668045044,
          1.1970832347869873,
          1.2337019443511963,
          1.2634551525115967,
          1.2936880588531494,
          1.5051875114440918,
          1.5441997051239014,
          1.5653207302093506,
          1.6160755157470703,
          1.6266758441925049,
          1.6802473068237305,
          1.6899104118347168,
          1.8361825942993164,
          1.9094491004943848,
          1.958000898361206,
          2.020672559738159,
          2.0290133953094482,
          2.109013080596924,
          2.123283863067627,
          2.189419984817505,
          2.2757387161254883,
          2.330618381500244,
          2.366215705871582,
          2.421924352645874,
          2.513068675994873,
          2.5233354568481445,
          2.558170795440674,
          2.709681749343872,
          2.728611707687378
        ]
      },
      "long_tasks": {
        "count": 1,
        "total_time": 5.437044858932495,
        "avg_time": 5.437044858932495,
        "min_time": 5.437044858932495,
        "max_time": 5.437044858932495,
        "times": [
          5.437044858932495
        ]
      },
      "imbalance_ratio": 1.9926048267016478,
      "wall_clock_time": 5.4728615283966064,
      "execution_mode": "parallel",
      "short_tasks_completion_time": 2.728611707687378,
      "long_tasks_completion_time": 5.437044858932495,
      "parallel_efficiency": 0.3152421700081181
    },
    "total_time": 30.399487733840942
  },
  "run_number": 3,
  "scheduler": "custom"
}