{
  "test_id": "file_checksum",
  "timestamp": "2025-07-31T21:49:05.634019",
  "status": "success",
  "scheduler_type": "default",
  "scheduler_path": "default",
  "results": {
    "test_id": "file_checksum",
    "test_name": "Parallel File System Operations",
    "start_time": 1753969745.6915286,
    "setup_time": 1.1920928955078125e-06,
    "status": "success",
    "parallel_execution": {
      "short_tasks": {
        "count": 39,
        "total_time": 34.40847444534302,
        "avg_time": 0.8822685755216159,
        "min_time": 0.3062596321105957,
        "max_time": 1.0696349143981934,
        "times": [
          0.3062596321105957,
          0.5016698837280273,
          0.6215190887451172,
          0.6288206577301025,
          0.6557722091674805,
          0.7009308338165283,
          0.7293708324432373,
          0.7368171215057373,
          0.7442355155944824,
          0.7732045650482178,
          0.7806167602539062,
          0.7821478843688965,
          0.8257534503936768,
          0.8258087635040283,
          0.8736302852630615,
          0.90106201171875,
          0.9082896709442139,
          0.9122583866119385,
          0.9127712249755859,
          0.9364721775054932,
          0.948981523513794,
          0.9766952991485596,
          0.9839909076690674,
          0.9878461360931396,
          0.9898064136505127,
          0.9881665706634521,
          0.9993155002593994,
          1.0147502422332764,
          1.0211663246154785,
          1.0249958038330078,
          1.023926019668579,
          1.0313353538513184,
          1.029869556427002,
          1.0435106754302979,
          1.0438659191131592,
          1.0486667156219482,
          1.0586366653442383,
          1.0659029483795166,
          1.0696349143981934
        ]
      },
      "long_tasks": {
        "count": 1,
        "total_time": 1.261434555053711,
        "avg_time": 1.261434555053711,
        "min_time": 1.261434555053711,
        "max_time": 1.261434555053711,
        "times": [
          1.261434555053711
        ]
      },
      "imbalance_ratio": 1.1793131825389502,
      "wall_clock_time": 1.2884001731872559,
      "execution_mode": "parallel",
      "short_tasks_completion_time": 1.0696349143981934,
      "long_tasks_completion_time": 1.261434555053711,
      "parallel_efficiency": 0.6921356761416018
    },
    "total_time": 18.751681566238403
  },
  "run_number": 1,
  "scheduler": "default"
}