{
  "test_id": "file_checksum",
  "timestamp": "2025-07-31T21:51:04.449600",
  "status": "success",
  "scheduler_type": "custom",
  "scheduler_path": "/home/yunwei37/ai-os/workloads/processing/schedulers/file_checksum.bpf.o",
  "results": {
    "test_id": "file_checksum",
    "test_name": "Parallel File System Operations",
    "start_time": 1753969866.5033085,
    "setup_time": 7.152557373046875e-07,
    "status": "success",
    "parallel_execution": {
      "short_tasks": {
        "count": 39,
        "total_time": 31.684787034988403,
        "avg_time": 0.8124304367945745,
        "min_time": 0.22058534622192383,
        "max_time": 1.3227620124816895,
        "times": [
          0.22058534622192383,
          0.22887325286865234,
          0.2789876461029053,
          0.3348104953765869,
          0.35749316215515137,
          0.37329769134521484,
          0.40349626541137695,
          0.4409902095794678,
          0.5001981258392334,
          0.5290613174438477,
          0.5381591320037842,
          0.5901851654052734,
          0.6006166934967041,
          0.6635603904724121,
          0.6945877075195312,
          0.7149410247802734,
          0.7334120273590088,
          0.7474145889282227,
          0.8329648971557617,
          0.8644130229949951,
          0.8746898174285889,
          0.8961260318756104,
          0.9282975196838379,
          0.9831233024597168,
          1.0033373832702637,
          1.0366153717041016,
          1.0420622825622559,
          1.0488100051879883,
          1.0977065563201904,
          1.1191389560699463,
          1.13624906539917,
          1.1589460372924805,
          1.1669583320617676,
          1.1912591457366943,
          1.194688320159912,
          1.2120230197906494,
          1.3046269416809082,
          1.3227620124816895,
          1.3193187713623047
        ]
      },
      "long_tasks": {
        "count": 1,
        "total_time": 0.8083295822143555,
        "avg_time": 0.8083295822143555,
        "min_time": 0.8083295822143555,
        "max_time": 0.8083295822143555,
        "times": [
          0.8083295822143555
        ]
      },
      "imbalance_ratio": 0.611092225651245,
      "wall_clock_time": 1.3557279109954834,
      "execution_mode": "parallel",
      "short_tasks_completion_time": 1.3227620124816895,
      "long_tasks_completion_time": 0.8083295822143555,
      "parallel_efficiency": 0.5991821137868241
    },
    "total_time": 23.27236819267273
  },
  "run_number": 3,
  "scheduler": "custom"
}