{
  "test_id": "file_checksum",
  "timestamp": "2025-07-31T21:50:08.233632",
  "status": "success",
  "scheduler_type": "custom",
  "scheduler_path": "/home/yunwei37/ai-os/workloads/processing/schedulers/file_checksum.bpf.o",
  "results": {
    "test_id": "file_checksum",
    "test_name": "Parallel File System Operations",
    "start_time": 1753969810.2906337,
    "setup_time": 7.152557373046875e-07,
    "status": "success",
    "parallel_execution": {
      "short_tasks": {
        "count": 39,
        "total_time": 28.41002631187439,
        "avg_time": 0.7284622131249844,
        "min_time": 0.2505490779876709,
        "max_time": 1.1619250774383545,
        "times": [
          0.2505490779876709,
          0.2568173408508301,
          0.29656457901000977,
          0.3047611713409424,
          0.32048821449279785,
          0.3437659740447998,
          0.4226410388946533,
          0.42586326599121094,
          0.4570181369781494,
          0.48801374435424805,
          0.5118496417999268,
          0.5153181552886963,
          0.5902390480041504,
          0.5967743396759033,
          0.6130924224853516,
          0.6534214019775391,
          0.6601252555847168,
          0.6896660327911377,
          0.6928179264068604,
          0.7536880970001221,
          0.7692606449127197,
          0.7803983688354492,
          0.8141608238220215,
          0.8355085849761963,
          0.864213228225708,
          0.8782932758331299,
          0.9019570350646973,
          0.9495398998260498,
          0.959479570388794,
          0.9904639720916748,
          1.002058982849121,
          1.0220816135406494,
          1.0648210048675537,
          1.0658268928527832,
          1.094660758972168,
          1.1256871223449707,
          1.1424551010131836,
          1.1437594890594482,
          1.1619250774383545
        ]
      },
      "long_tasks": {
        "count": 1,
        "total_time": 0.8911824226379395,
        "avg_time": 0.8911824226379395,
        "min_time": 0.8911824226379395,
        "max_time": 0.8911824226379395,
        "times": [
          0.8911824226379395
        ]
      },
      "imbalance_ratio": 0.7669878548474833,
      "wall_clock_time": 1.1925592422485352,
      "execution_mode": "parallel",
      "short_tasks_completion_time": 1.1619250774383545,
      "long_tasks_completion_time": 0.8911824226379395,
      "parallel_efficiency": 0.6142505901691259
    },
    "total_time": 23.690207481384277
  },
  "run_number": 1,
  "scheduler": "custom"
}