{
  "test_id": "file_checksum",
  "timestamp": "2025-07-31T21:50:36.155878",
  "status": "success",
  "scheduler_type": "custom",
  "scheduler_path": "/home/yunwei37/ai-os/workloads/processing/schedulers/file_checksum.bpf.o",
  "results": {
    "test_id": "file_checksum",
    "test_name": "Parallel File System Operations",
    "start_time": 1753969838.2114537,
    "setup_time": 4.76837158203125e-07,
    "status": "success",
    "parallel_execution": {
      "short_tasks": {
        "count": 39,
        "total_time": 26.387905836105347,
        "avg_time": 0.6766129701565473,
        "min_time": 0.23355340957641602,
        "max_time": 1.092986822128296,
        "times": [
          0.23355340957641602,
          0.28531885147094727,
          0.2880733013153076,
          0.289262056350708,
          0.4056820869445801,
          0.41478824615478516,
          0.4186692237854004,
          0.4237518310546875,
          0.42852783203125,
          0.448594331741333,
          0.4581267833709717,
          0.48037075996398926,
          0.5630486011505127,
          0.5774564743041992,
          0.5809526443481445,
          0.5865964889526367,
          0.5894525051116943,
          0.6079609394073486,
          0.623725414276123,
          0.6550185680389404,
          0.7140560150146484,
          0.7472436428070068,
          0.7593076229095459,
          0.7552883625030518,
          0.767432451248169,
          0.7682361602783203,
          0.7984499931335449,
          0.8339955806732178,
          0.8832118511199951,
          0.9139730930328369,
          0.9222819805145264,
          0.9441666603088379,
          0.9460878372192383,
          0.9679203033447266,
          0.9993917942047119,
          1.0328354835510254,
          1.0923435688018799,
          1.092986822128296,
          1.089766263961792
        ]
      },
      "long_tasks": {
        "count": 1,
        "total_time": 1.5989723205566406,
        "avg_time": 1.5989723205566406,
        "min_time": 1.5989723205566406,
        "max_time": 1.5989723205566406,
        "times": [
          1.5989723205566406
        ]
      },
      "imbalance_ratio": 1.462938333916117,
      "wall_clock_time": 1.6346218585968018,
      "execution_mode": "parallel",
      "short_tasks_completion_time": 1.092986822128296,
      "long_tasks_completion_time": 1.5989723205566406,
      "parallel_efficiency": 0.4280329118547116
    },
    "total_time": 24.064116716384888
  },
  "run_number": 2,
  "scheduler": "custom"
}