{
  "test_id": "git_add_different",
  "timestamp": "2025-07-31T21:48:36.552704",
  "status": "success",
  "scheduler_type": "custom",
  "scheduler_path": "/home/yunwei37/ai-os/workloads/processing/schedulers/git_add_different.bpf.o",
  "results": {
    "test_id": "git_add_different",
    "test_name": "Git Add Different Size Directories",
    "start_time": 1753969718.6104364,
    "setup_time": 7.152557373046875e-07,
    "status": "success",
    "parallel_execution": {
      "short_tasks": {
        "count": 39,
        "total_time": 162.5479817390442,
        "avg_time": 4.1678969676678,
        "min_time": 1.5904312133789062,
        "max_time": 6.690812826156616,
        "times": [
          1.5904312133789062,
          1.635366439819336,
          1.6255590915679932,
          1.82755446434021,
          1.9260177612304688,
          1.9370288848876953,
          1.949962854385376,
          2.036421775817871,
          2.1120917797088623,
          2.264505386352539,
          2.464383125305176,
          2.909508228302002,
          3.206327199935913,
          3.4215893745422363,
          3.5905017852783203,
          3.6825759410858154,
          3.69921612739563,
          3.772555112838745,
          3.8993067741394043,
          4.020785570144653,
          4.212101936340332,
          4.412967681884766,
          4.607846021652222,
          4.732438802719116,
          5.1703057289123535,
          5.387142658233643,
          5.578054904937744,
          5.689512729644775,
          5.785593509674072,
          5.892464876174927,
          5.962523460388184,
          6.10675573348999,
          6.20792031288147,
          6.305758953094482,
          6.4474101066589355,
          6.4926841259002686,
          6.632723093032837,
          6.661275386810303,
          6.690812826156616
        ]
      },
      "long_tasks": {
        "count": 1,
        "total_time": 5.708612680435181,
        "avg_time": 5.708612680435181,
        "min_time": 5.708612680435181,
        "max_time": 5.708612680435181,
        "times": [
          5.708612680435181
        ]
      },
      "imbalance_ratio": 0.8532016705232452,
      "wall_clock_time": 6.723281145095825,
      "execution_mode": "parallel",
      "short_tasks_completion_time": 6.690812826156616,
      "long_tasks_completion_time": 5.708612680435181,
      "parallel_efficiency": 0.6256491093720329
    },
    "total_time": 24.98117232322693
  },
  "run_number": 3,
  "scheduler": "custom"
}