{
  "test_id": "git_add_different",
  "timestamp": "2025-07-31T21:47:08.702024",
  "status": "success",
  "scheduler_type": "default",
  "scheduler_path": "default",
  "results": {
    "test_id": "git_add_different",
    "test_name": "Git Add Different Size Directories",
    "start_time": 1753969628.7478242,
    "setup_time": 4.76837158203125e-07,
    "status": "success",
    "parallel_execution": {
      "short_tasks": {
        "count": 39,
        "total_time": 211.23424577713013,
        "avg_time": 5.416262712234106,
        "min_time": 2.5732181072235107,
        "max_time": 6.7201056480407715,
        "times": [
          2.5732181072235107,
          2.841050386428833,
          3.190953493118286,
          4.1598219871521,
          4.37731409072876,
          4.639505624771118,
          4.654614210128784,
          4.821508407592773,
          4.941882371902466,
          4.954636812210083,
          4.997013330459595,
          5.161715507507324,
          5.264112710952759,
          5.309201955795288,
          5.348957777023315,
          5.35192084312439,
          5.3774635791778564,
          5.421350002288818,
          5.4238035678863525,
          5.459491014480591,
          5.56606125831604,
          5.593709230422974,
          5.61133337020874,
          5.7283172607421875,
          5.938874244689941,
          6.07911491394043,
          6.12796950340271,
          6.133696794509888,
          6.148056745529175,
          6.162189960479736,
          6.197122097015381,
          6.252197504043579,
          6.266095876693726,
          6.399998903274536,
          6.411686897277832,
          6.431319952011108,
          6.52112889289856,
          6.67573094367981,
          6.7201056480407715
        ]
      },
      "long_tasks": {
        "count": 1,
        "total_time": 10.236631393432617,
        "avg_time": 10.236631393432617,
        "min_time": 10.236631393432617,
        "max_time": 10.236631393432617,
        "times": [
          10.236631393432617
        ]
      },
      "imbalance_ratio": 1.5232842948558523,
      "wall_clock_time": 10.265223264694214,
      "execution_mode": "parallel",
      "short_tasks_completion_time": 6.7201056480407715,
      "long_tasks_completion_time": 10.236631393432617,
      "parallel_efficiency": 0.5393717980111562
    },
    "total_time": 26.323729276657104
  },
  "run_number": 3,
  "scheduler": "default"
}