{
  "test_id": "git_add_different",
  "timestamp": "2025-07-31T21:48:06.968257",
  "status": "success",
  "scheduler_type": "custom",
  "scheduler_path": "/home/yunwei37/ai-os/workloads/processing/schedulers/git_add_different.bpf.o",
  "results": {
    "test_id": "git_add_different",
    "test_name": "Git Add Different Size Directories",
    "start_time": 1753969689.0239024,
    "setup_time": 9.5367431640625e-07,
    "status": "success",
    "parallel_execution": {
      "short_tasks": {
        "count": 39,
        "total_time": 165.64695358276367,
        "avg_time": 4.247357784173428,
        "min_time": 1.4842841625213623,
        "max_time": 6.862561464309692,
        "times": [
          1.4842841625213623,
          1.513538122177124,
          1.5358972549438477,
          1.6588706970214844,
          1.704329490661621,
          1.8148796558380127,
          2.010565996170044,
          2.1015372276306152,
          2.277040719985962,
          2.4622585773468018,
          2.8359215259552,
          3.0680177211761475,
          3.1855340003967285,
          3.4107167720794678,
          3.52707839012146,
          3.665283203125,
          3.7894511222839355,
          3.923131227493286,
          4.037718772888184,
          4.118295669555664,
          4.280351638793945,
          4.397192716598511,
          4.6877264976501465,
          5.115670442581177,
          5.244868993759155,
          5.443861246109009,
          5.6128013134002686,
          5.7708258628845215,
          5.898735761642456,
          6.051286220550537,
          6.131266355514526,
          6.24262809753418,
          6.3195366859436035,
          6.422369956970215,
          6.624939203262329,
          6.778757572174072,
          6.814239978790283,
          6.822983264923096,
          6.862561464309692
        ]
      },
      "long_tasks": {
        "count": 1,
        "total_time": 5.756513833999634,
        "avg_time": 5.756513833999634,
        "min_time": 5.756513833999634,
        "max_time": 5.756513833999634,
        "times": [
          5.756513833999634
        ]
      },
      "imbalance_ratio": 0.8388287469536979,
      "wall_clock_time": 6.8960490226745605,
      "execution_mode": "parallel",
      "short_tasks_completion_time": 6.862561464309692,
      "long_tasks_completion_time": 5.756513833999634,
      "parallel_efficiency": 0.6213828630465792
    },
    "total_time": 25.455044507980347
  },
  "run_number": 2,
  "scheduler": "custom"
}