{
  "test_id": "git_add_different",
  "timestamp": "2025-07-31T21:46:08.833838",
  "status": "success",
  "scheduler_type": "default",
  "scheduler_path": "default",
  "results": {
    "test_id": "git_add_different",
    "test_name": "Git Add Different Size Directories",
    "start_time": 1753969568.8882496,
    "setup_time": 9.5367431640625e-07,
    "status": "success",
    "parallel_execution": {
      "short_tasks": {
        "count": 39,
        "total_time": 205.99352502822876,
        "avg_time": 5.28188525713407,
        "min_time": 3.8798930644989014,
        "max_time": 6.687506198883057,
        "times": [
          3.8798930644989014,
          4.065960645675659,
          4.109964609146118,
          4.244544506072998,
          4.38639760017395,
          4.402875661849976,
          4.406558513641357,
          4.451057434082031,
          4.484161853790283,
          4.500407695770264,
          4.5065484046936035,
          4.506109237670898,
          4.5175392627716064,
          4.51267671585083,
          4.523244380950928,
          4.880059480667114,
          4.892392158508301,
          5.261207103729248,
          5.363783121109009,
          5.374823331832886,
          5.490127086639404,
          5.51236891746521,
          5.514965057373047,
          5.539122581481934,
          5.745464324951172,
          5.923659801483154,
          5.961693525314331,
          6.027883529663086,
          6.051894664764404,
          6.061547040939331,
          6.074659585952759,
          6.132297992706299,
          6.253876686096191,
          6.257965564727783,
          6.269131422042847,
          6.340806722640991,
          6.431900978088379,
          6.446448564529419,
          6.687506198883057
        ]
      },
      "long_tasks": {
        "count": 1,
        "total_time": 11.336621522903442,
        "avg_time": 11.336621522903442,
        "min_time": 11.336621522903442,
        "max_time": 11.336621522903442,
        "times": [
          11.336621522903442
        ]
      },
      "imbalance_ratio": 1.695194170406433,
      "wall_clock_time": 11.366410493850708,
      "execution_mode": "parallel",
      "short_tasks_completion_time": 6.687506198883057,
      "long_tasks_completion_time": 11.336621522903442,
      "parallel_efficiency": 0.47800962904847805
    },
    "total_time": 28.41127896308899
  },
  "run_number": 1,
  "scheduler": "default"
}