{
  "test_id": "git_add_different",
  "timestamp": "2025-07-31T21:46:39.308473",
  "status": "success",
  "scheduler_type": "default",
  "scheduler_path": "default",
  "results": {
    "test_id": "git_add_different",
    "test_name": "Git Add Different Size Directories",
    "start_time": 1753969599.3648937,
    "setup_time": 7.152557373046875e-07,
    "status": "success",
    "parallel_execution": {
      "short_tasks": {
        "count": 39,
        "total_time": 204.83625626564026,
        "avg_time": 5.252211699118981,
        "min_time": 3.0263454914093018,
        "max_time": 6.410338878631592,
        "times": [
          3.0263454914093018,
          3.9842066764831543,
          4.023172855377197,
          4.151440143585205,
          4.195247173309326,
          4.250046730041504,
          4.377744913101196,
          4.432801008224487,
          4.4410319328308105,
          4.463665962219238,
          4.494438886642456,
          4.767488718032837,
          4.894420623779297,
          4.941806316375732,
          4.957972049713135,
          5.070245027542114,
          5.096832990646362,
          5.173091650009155,
          5.455615758895874,
          5.50586462020874,
          5.512527704238892,
          5.624260425567627,
          5.641134262084961,
          5.658362627029419,
          5.676889896392822,
          5.723863124847412,
          5.75445818901062,
          5.860640287399292,
          5.954259157180786,
          5.954240083694458,
          5.975330591201782,
          6.019495964050293,
          6.081639051437378,
          6.171955585479736,
          6.218783855438232,
          6.271230936050415,
          6.292088747024536,
          6.331277370452881,
          6.410338878631592
        ]
      },
      "long_tasks": {
        "count": 1,
        "total_time": 11.194595336914062,
        "avg_time": 11.194595336914062,
        "min_time": 11.194595336914062,
        "max_time": 11.194595336914062,
        "times": [
          11.194595336914062
        ]
      },
      "imbalance_ratio": 1.7463344058502819,
      "wall_clock_time": 11.220109224319458,
      "execution_mode": "parallel",
      "short_tasks_completion_time": 6.410338878631592,
      "long_tasks_completion_time": 11.194595336914062,
      "parallel_efficiency": 0.4813474790742454
    },
    "total_time": 27.328006267547607
  },
  "run_number": 2,
  "scheduler": "default"
}