{
  "test_id": "hotkey_aggregation",
  "timestamp": "2025-07-31T21:53:04.365841",
  "status": "success",
  "scheduler_type": "custom",
  "scheduler_path": "/home/yunwei37/ai-os/workloads/processing/schedulers/hotkey_aggregation.bpf.o",
  "results": {
    "test_id": "hotkey_aggregation",
    "test_name": "Hot Key Aggregation",
    "start_time": 1753969986.4188678,
    "setup_time": 7.152557373046875e-07,
    "status": "success",
    "parallel_execution": {
      "short_tasks": {
        "count": 39,
        "total_time": 131.15461373329163,
        "avg_time": 3.3629388136741443,
        "min_time": 1.0484399795532227,
        "max_time": 5.631798267364502,
        "times": [
          1.0484399795532227,
          1.0964412689208984,
          1.1956641674041748,
          1.1963539123535156,
          1.375816822052002,
          1.37949800491333,
          1.4020977020263672,
          1.7975311279296875,
          1.9156064987182617,
          1.9975855350494385,
          2.0390732288360596,
          2.1499884128570557,
          2.334959030151367,
          2.342588424682617,
          2.558037281036377,
          2.7042603492736816,
          3.106635332107544,
          3.1651949882507324,
          3.2451212406158447,
          3.408517599105835,
          3.5718464851379395,
          3.656599283218384,
          3.8303720951080322,
          4.037025451660156,
          4.263834238052368,
          4.2682201862335205,
          4.379318952560425,
          4.615375757217407,
          4.64929723739624,
          4.791920900344849,
          4.856492280960083,
          5.034794569015503,
          5.06204891204834,
          5.133813858032227,
          5.313695430755615,
          5.435336112976074,
          5.578084707260132,
          5.585328102111816,
          5.631798267364502
        ]
      },
      "long_tasks": {
        "count": 1,
        "total_time": 9.058742761611938,
        "avg_time": 9.058742761611938,
        "min_time": 9.058742761611938,
        "max_time": 9.058742761611938,
        "times": [
          9.058742761611938
        ]
      },
      "imbalance_ratio": 1.608499156318526,
      "wall_clock_time": 9.09312129020691,
      "execution_mode": "parallel",
      "short_tasks_completion_time": 5.631798267364502,
      "long_tasks_completion_time": 9.058742761611938,
      "parallel_efficiency": 0.3854929237717038
    },
    "total_time": 29.100454330444336
  },
  "run_number": 1,
  "scheduler": "custom"
}