{
  "test_id": "hotkey_aggregation",
  "timestamp": "2025-07-31T21:54:12.472557",
  "status": "success",
  "scheduler_type": "custom",
  "scheduler_path": "/home/yunwei37/ai-os/workloads/processing/schedulers/hotkey_aggregation.bpf.o",
  "results": {
    "test_id": "hotkey_aggregation",
    "test_name": "Hot Key Aggregation",
    "start_time": 1753970054.533286,
    "setup_time": 1.9073486328125e-06,
    "status": "success",
    "parallel_execution": {
      "short_tasks": {
        "count": 39,
        "total_time": 133.20175623893738,
        "avg_time": 3.4154296471522403,
        "min_time": 0.9972310066223145,
        "max_time": 5.8637964725494385,
        "times": [
          0.9972310066223145,
          1.046931505203247,
          1.078871488571167,
          1.2653124332427979,
          1.3709197044372559,
          1.3864421844482422,
          1.3820858001708984,
          1.3870866298675537,
          1.3931751251220703,
          1.7920794486999512,
          2.401146411895752,
          2.5619499683380127,
          2.8211476802825928,
          2.9714558124542236,
          2.9740889072418213,
          2.9868760108947754,
          3.0512046813964844,
          3.117706775665283,
          3.2987570762634277,
          3.4365792274475098,
          3.48642635345459,
          3.5679848194122314,
          3.724350929260254,
          4.007617712020874,
          4.097000360488892,
          4.306105852127075,
          4.403743267059326,
          4.4874372482299805,
          4.729602575302124,
          4.848413944244385,
          5.027760028839111,
          5.091618299484253,
          5.189269542694092,
          5.245077610015869,
          5.408945798873901,
          5.488124370574951,
          5.654613971710205,
          5.852819204330444,
          5.8637964725494385
        ]
      },
      "long_tasks": {
        "count": 1,
        "total_time": 10.942459344863892,
        "avg_time": 10.942459344863892,
        "min_time": 10.942459344863892,
        "max_time": 10.942459344863892,
        "times": [
          10.942459344863892
        ]
      },
      "imbalance_ratio": 1.8661049025302154,
      "wall_clock_time": 10.975517988204956,
      "execution_mode": "parallel",
      "short_tasks_completion_time": 5.8637964725494385,
      "long_tasks_completion_time": 10.942459344863892,
      "parallel_efficiency": 0.32833123625397115
    },
    "total_time": 30.576030492782593
  },
  "run_number": 3,
  "scheduler": "custom"
}