{
  "test_id": "hotkey_aggregation",
  "timestamp": "2025-07-31T21:51:31.950477",
  "status": "success",
  "scheduler_type": "default",
  "scheduler_path": "default",
  "results": {
    "test_id": "hotkey_aggregation",
    "test_name": "Hot Key Aggregation",
    "start_time": 1753969891.9941635,
    "setup_time": 7.152557373046875e-07,
    "status": "success",
    "parallel_execution": {
      "short_tasks": {
        "count": 39,
        "total_time": 170.92256093025208,
        "avg_time": 4.382629767442361,
        "min_time": 2.595024347305298,
        "max_time": 5.030586004257202,
        "times": [
          2.595024347305298,
          2.660431146621704,
          3.3932394981384277,
          3.5952680110931396,
          3.8074958324432373,
          3.8901891708374023,
          3.941594362258911,
          3.9929068088531494,
          4.173281192779541,
          4.185273885726929,
          4.198321580886841,
          4.201859474182129,
          4.232121229171753,
          4.23516845703125,
          4.259108304977417,
          4.265296936035156,
          4.2817254066467285,
          4.474808692932129,
          4.4853551387786865,
          4.513886213302612,
          4.5969319343566895,
          4.701979637145996,
          4.7300450801849365,
          4.7587809562683105,
          4.766534090042114,
          4.768002033233643,
          4.775564432144165,
          4.792440414428711,
          4.8064329624176025,
          4.82040548324585,
          4.827663421630859,
          4.840975046157837,
          4.842510938644409,
          4.8583574295043945,
          4.869037628173828,
          4.907015323638916,
          4.911319971084595,
          4.935622453689575,
          5.030586004257202
        ]
      },
      "long_tasks": {
        "count": 1,
        "total_time": 10.279228687286377,
        "avg_time": 10.279228687286377,
        "min_time": 10.279228687286377,
        "max_time": 10.279228687286377,
        "times": [
          10.279228687286377
        ]
      },
      "imbalance_ratio": 2.0433461784745233,
      "wall_clock_time": 10.307203531265259,
      "execution_mode": "parallel",
      "short_tasks_completion_time": 5.030586004257202,
      "long_tasks_completion_time": 10.279228687286377,
      "parallel_efficiency": 0.43950279304151635
    },
    "total_time": 28.061295986175537
  },
  "run_number": 1,
  "scheduler": "default"
}