{
  "test_id": "hotkey_aggregation",
  "timestamp": "2025-07-31T21:53:37.690825",
  "status": "success",
  "scheduler_type": "custom",
  "scheduler_path": "/home/yunwei37/ai-os/workloads/processing/schedulers/hotkey_aggregation.bpf.o",
  "results": {
    "test_id": "hotkey_aggregation",
    "test_name": "Hot Key Aggregation",
    "start_time": 1753970019.7448425,
    "setup_time": 9.5367431640625e-07,
    "status": "success",
    "parallel_execution": {
      "short_tasks": {
        "count": 39,
        "total_time": 124.72381234169006,
        "avg_time": 3.198046470299745,
        "min_time": 1.0042953491210938,
        "max_time": 5.587134599685669,
        "times": [
          1.0042953491210938,
          1.014000415802002,
          1.0119738578796387,
          1.1592068672180176,
          1.1799952983856201,
          1.2427146434783936,
          1.3359124660491943,
          1.5311100482940674,
          2.0803191661834717,
          2.15553879737854,
          2.1917080879211426,
          2.309546709060669,
          2.4336416721343994,
          2.5071213245391846,
          2.564561367034912,
          2.613955020904541,
          2.6950926780700684,
          2.778350353240967,
          2.8893561363220215,
          2.9785351753234863,
          3.2957763671875,
          3.508261203765869,
          3.6165573596954346,
          3.7258424758911133,
          3.783623695373535,
          3.980055809020996,
          4.111486434936523,
          4.157351732254028,
          4.259688377380371,
          4.425350666046143,
          4.6260435581207275,
          4.871607065200806,
          4.9388837814331055,
          5.038438081741333,
          5.143907070159912,
          5.154603958129883,
          5.280372858047485,
          5.541891813278198,
          5.587134599685669
        ]
      },
      "long_tasks": {
        "count": 1,
        "total_time": 10.836741924285889,
        "avg_time": 10.836741924285889,
        "min_time": 10.836741924285889,
        "max_time": 10.836741924285889,
        "times": [
          10.836741924285889
        ]
      },
      "imbalance_ratio": 1.9395884833158596,
      "wall_clock_time": 10.871297597885132,
      "execution_mode": "parallel",
      "short_tasks_completion_time": 5.587134599685669,
      "long_tasks_completion_time": 10.836741924285889,
      "parallel_efficiency": 0.31173959006592616
    },
    "total_time": 30.550358533859253
  },
  "run_number": 2,
  "scheduler": "custom"
}