{
  "test_id": "video_transcode",
  "timestamp": "2025-07-31T21:42:27.250206",
  "status": "success",
  "scheduler_type": "custom",
  "scheduler_path": "/home/yunwei37/ai-os/workloads/processing/schedulers/video_transcode.bpf.o",
  "results": {
    "test_id": "video_transcode",
    "test_name": "FFmpeg Video Transcode",
    "start_time": 1753969349.3081813,
    "setup_time": 1.1920928955078125e-06,
    "status": "success",
    "parallel_execution": {
      "short_tasks": {
        "count": 39,
        "total_time": 540.1264364719391,
        "avg_time": 13.849395806972797,
        "min_time": 2.7292401790618896,
        "max_time": 18.30865454673767,
        "times": [
          2.7292401790618896,
          2.8003594875335693,
          2.862218141555786,
          3.072735548019409,
          3.6387054920196533,
          5.838226079940796,
          6.722977876663208,
          7.199641704559326,
          9.814133644104004,
          9.879665613174438,
          11.049624681472778,
          11.935098886489868,
          12.962376117706299,
          13.926161289215088,
          15.090972661972046,
          15.677151679992676,
          15.698795795440674,
          16.112704753875732,
          16.301554918289185,
          16.68576693534851,
          16.86484980583191,
          17.13383960723877,
          17.243396520614624,
          17.36830711364746,
          17.470097541809082,
          17.66593599319458,
          17.88860297203064,
          17.96738362312317,
          18.040122985839844,
          18.122708797454834,
          18.166609048843384,
          18.197672367095947,
          18.232454299926758,
          18.26963186264038,
          18.286271810531616,
          18.294652462005615,
          18.300444841384888,
          18.30668878555298,
          18.30865454673767
        ]
      },
      "long_tasks": {
        "count": 1,
        "total_time": 11.575621843338013,
        "avg_time": 11.575621843338013,
        "min_time": 11.575621843338013,
        "max_time": 11.575621843338013,
        "times": [
          11.575621843338013
        ]
      },
      "imbalance_ratio": 0.6322486348621732,
      "wall_clock_time": 18.352533102035522,
      "execution_mode": "parallel",
      "short_tasks_completion_time": 18.30865454673767,
      "long_tasks_completion_time": 11.575621843338013,
      "parallel_efficiency": 0.7515339370973353
    },
    "total_time": 67.88271617889404
  },
  "run_number": 3,
  "scheduler": "custom"
}