{
  "test_id": "video_transcode",
  "timestamp": "2025-07-31T21:37:18.158207",
  "status": "success",
  "scheduler_type": "default",
  "scheduler_path": "default",
  "results": {
    "test_id": "video_transcode",
    "test_name": "FFmpeg Video Transcode",
    "start_time": 1753969038.205903,
    "setup_time": 7.152557373046875e-07,
    "status": "success",
    "parallel_execution": {
      "short_tasks": {
        "count": 39,
        "total_time": 516.5041840076447,
        "avg_time": 13.243697025837042,
        "min_time": 5.51037335395813,
        "max_time": 15.415201425552368,
        "times": [
          5.51037335395813,
          5.83893609046936,
          6.333928346633911,
          6.786500692367554,
          10.48447847366333,
          10.653693437576294,
          12.047755479812622,
          12.517617225646973,
          12.618249654769897,
          13.067825555801392,
          13.202080726623535,
          13.230831623077393,
          13.35900330543518,
          13.504531383514404,
          13.519298076629639,
          13.612879037857056,
          13.618505239486694,
          13.730931043624878,
          13.813995122909546,
          13.819846868515015,
          14.213533639907837,
          14.216732740402222,
          14.582096338272095,
          14.618330955505371,
          14.660821914672852,
          14.804248809814453,
          14.848563194274902,
          15.010162830352783,
          15.053160667419434,
          15.059807062149048,
          15.164160013198853,
          15.327090501785278,
          15.346383810043335,
          15.364891767501831,
          15.37297534942627,
          15.379514455795288,
          15.396929740905762,
          15.39831805229187,
          15.415201425552368
        ]
      },
      "long_tasks": {
        "count": 1,
        "total_time": 22.470695972442627,
        "avg_time": 22.470695972442627,
        "min_time": 22.470695972442627,
        "max_time": 22.470695972442627,
        "times": [
          22.470695972442627
        ]
      },
      "imbalance_ratio": 1.4576972011014409,
      "wall_clock_time": 22.507601499557495,
      "execution_mode": "parallel",
      "short_tasks_completion_time": 15.415201425552368,
      "long_tasks_completion_time": 22.470695972442627,
      "parallel_efficiency": 0.5986587242433224
    },
    "total_time": 74.97986459732056
  },
  "run_number": 2,
  "scheduler": "default"
}