{
  "test_id": "viral_product_analytics",
  "timestamp": "2025-07-31T22:01:36.908367",
  "status": "success",
  "scheduler_type": "custom",
  "scheduler_path": "/home/yunwei37/ai-os/workloads/processing/schedulers/viral_product_analytics.bpf.o",
  "results": {
    "test_id": "viral_product_analytics",
    "test_name": "Viral Product Analytics",
    "start_time": 1753970498.966502,
    "setup_time": 9.5367431640625e-07,
    "status": "success",
    "parallel_execution": {
      "short_tasks": {
        "count": 39,
        "total_time": 82.37965869903564,
        "avg_time": 2.112298941000914,
        "min_time": 0.7032949924468994,
        "max_time": 3.6798667907714844,
        "times": [
          0.7032949924468994,
          0.7102663516998291,
          0.7146615982055664,
          0.7634267807006836,
          0.7903575897216797,
          1.0036594867706299,
          1.053804874420166,
          1.117508888244629,
          1.2057750225067139,
          1.3202741146087646,
          1.4144248962402344,
          1.4400081634521484,
          1.4552264213562012,
          1.5240631103515625,
          1.6583740711212158,
          1.6777000427246094,
          1.766967535018921,
          1.9919302463531494,
          2.0388777256011963,
          2.0640363693237305,
          2.190474033355713,
          2.1957483291625977,
          2.3094866275787354,
          2.366544008255005,
          2.544102907180786,
          2.5634825229644775,
          2.6802573204040527,
          2.823617696762085,
          2.8682522773742676,
          2.945736885070801,
          2.9805748462677,
          3.142357587814331,
          3.1961421966552734,
          3.248904228210449,
          3.463357448577881,
          3.522547721862793,
          3.5828163623809814,
          3.6607506275177,
          3.6798667907714844
        ]
      },
      "long_tasks": {
        "count": 1,
        "total_time": 6.226741075515747,
        "avg_time": 6.226741075515747,
        "min_time": 6.226741075515747,
        "max_time": 6.226741075515747,
        "times": [
          6.226741075515747
        ]
      },
      "imbalance_ratio": 1.6921104565881067,
      "wall_clock_time": 6.258630990982056,
      "execution_mode": "parallel",
      "short_tasks_completion_time": 3.6798667907714844,
      "long_tasks_completion_time": 6.226741075515747,
      "parallel_efficiency": 0.35393682700826545
    },
    "total_time": 42.100791692733765
  },
  "run_number": 3,
  "scheduler": "custom"
}