{
  "test_id": "viral_product_analytics",
  "timestamp": "2025-07-31T22:00:52.144317",
  "status": "success",
  "scheduler_type": "custom",
  "scheduler_path": "/home/yunwei37/ai-os/workloads/processing/schedulers/viral_product_analytics.bpf.o",
  "results": {
    "test_id": "viral_product_analytics",
    "test_name": "Viral Product Analytics",
    "start_time": 1753970454.1987505,
    "setup_time": 9.5367431640625e-07,
    "status": "success",
    "parallel_execution": {
      "short_tasks": {
        "count": 39,
        "total_time": 87.6787736415863,
        "avg_time": 2.2481736831175976,
        "min_time": 0.6483852863311768,
        "max_time": 3.954711437225342,
        "times": [
          0.6483852863311768,
          0.6640322208404541,
          0.6900806427001953,
          0.7156739234924316,
          1.0173566341400146,
          1.0299556255340576,
          1.0329198837280273,
          1.1204733848571777,
          1.2619972229003906,
          1.3023698329925537,
          1.3518226146697998,
          1.6002209186553955,
          1.6228055953979492,
          1.650486707687378,
          1.7173874378204346,
          1.9598028659820557,
          1.9815595149993896,
          2.0818896293640137,
          2.1787428855895996,
          2.2852070331573486,
          2.3001112937927246,
          2.418792247772217,
          2.4469778537750244,
          2.599682569503784,
          2.7026002407073975,
          2.7925240993499756,
          2.8993847370147705,
          2.9729831218719482,
          3.034508228302002,
          3.1045432090759277,
          3.2621939182281494,
          3.367685556411743,
          3.4739930629730225,
          3.5636322498321533,
          3.588515520095825,
          3.708925724029541,
          3.754420757293701,
          3.819417953491211,
          3.954711437225342
        ]
      },
      "long_tasks": {
        "count": 1,
        "total_time": 4.753904581069946,
        "avg_time": 4.753904581069946,
        "min_time": 4.753904581069946,
        "max_time": 4.753904581069946,
        "times": [
          4.753904581069946
        ]
      },
      "imbalance_ratio": 1.2020863358883462,
      "wall_clock_time": 4.789892196655273,
      "execution_mode": "parallel",
      "short_tasks_completion_time": 3.954711437225342,
      "long_tasks_completion_time": 4.753904581069946,
      "parallel_efficiency": 0.48243610935127584
    },
    "total_time": 40.53459811210632
  },
  "run_number": 2,
  "scheduler": "custom"
}