{
  "test_id": "viral_product_analytics",
  "timestamp": "2025-07-31T21:59:24.244718",
  "status": "success",
  "scheduler_type": "default",
  "scheduler_path": "default",
  "results": {
    "test_id": "viral_product_analytics",
    "test_name": "Viral Product Analytics",
    "start_time": 1753970364.3001392,
    "setup_time": 7.152557373046875e-07,
    "status": "success",
    "parallel_execution": {
      "short_tasks": {
        "count": 39,
        "total_time": 120.00247097015381,
        "avg_time": 3.0769864351321488,
        "min_time": 1.8527989387512207,
        "max_time": 3.5055108070373535,
        "times": [
          1.8527989387512207,
          1.9917428493499756,
          2.3628077507019043,
          2.389892339706421,
          2.5870702266693115,
          2.586578845977783,
          2.7589664459228516,
          2.8344733715057373,
          2.9262735843658447,
          2.9372382164001465,
          2.9404141902923584,
          3.0070431232452393,
          3.0127782821655273,
          3.0292539596557617,
          3.051495313644409,
          3.0872368812561035,
          3.1205239295959473,
          3.124455451965332,
          3.245370388031006,
          3.254683494567871,
          3.262805461883545,
          3.2630293369293213,
          3.2678375244140625,
          3.271817207336426,
          3.2784929275512695,
          3.2773733139038086,
          3.2759599685668945,
          3.2817177772521973,
          3.3169679641723633,
          3.3750879764556885,
          3.390162706375122,
          3.41880464553833,
          3.415602684020996,
          3.4450032711029053,
          3.4468586444854736,
          3.4594905376434326,
          3.471973419189453,
          3.476877212524414,
          3.5055108070373535
        ]
      },
      "long_tasks": {
        "count": 1,
        "total_time": 6.719642877578735,
        "avg_time": 6.719642877578735,
        "min_time": 6.719642877578735,
        "max_time": 6.719642877578735,
        "times": [
          6.719642877578735
        ]
      },
      "imbalance_ratio": 1.9168798065289014,
      "wall_clock_time": 6.745751619338989,
      "execution_mode": "parallel",
      "short_tasks_completion_time": 3.5055108070373535,
      "long_tasks_completion_time": 6.719642877578735,
      "parallel_efficiency": 0.46963674694321883
    },
    "total_time": 41.1776180267334
  },
  "run_number": 3,
  "scheduler": "default"
}