{
  "timestamp": "2025-08-03T13:06:56.611021",
  "scheduler": "scx_flash_latency",
  "num_runs": 3,
  "runs": [
    {
      "run_number": 1,
      "metrics": {
        "throughput": 810.43,
        "50th_percentile_us": 7128,
        "95th_percentile_us": 18336,
        "99th_percentile_us": 39104,
        "99.9th_percentile_us": 63680
      }
    },
    {
      "run_number": 2,
      "metrics": {
        "throughput": 858.53,
        "50th_percentile_us": 6920,
        "95th_percentile_us": 16864,
        "99th_percentile_us": 36544,
        "99.9th_percentile_us": 58560
      }
    },
    {
      "run_number": 3,
      "metrics": {
        "throughput": 862.47,
        "50th_percentile_us": 6840,
        "95th_percentile_us": 16800,
        "99th_percentile_us": 36800,
        "99.9th_percentile_us": 68480
      }
    }
  ],
  "averages": {
    "throughput": 843.81,
    "50th_percentile_us": 6962.666666666667,
    "95th_percentile_us": 17333.333333333332,
    "99th_percentile_us": 37482.666666666664,
    "99.9th_percentile_us": 63573.333333333336
  }
}