{
  "system_info": {
    "system": {
      "platform": "Linux",
      "platform_release": "6.14.0-22-generic",
      "platform_version": "#22-Ubuntu SMP PREEMPT_DYNAMIC Wed May 21 15:01:51 UTC 2025",
      "architecture": "x86_64",
      "hostname": "gpu01",
      "processor": "x86_64",
      "python_version": "3.12.2"
    },
    "cpu": {
      "cpu_count": 86,
      "cpu_count_logical": 172,
      "cpu_freq": 868.8091511627907,
      "cpu_percent": 0.1
    },
    "memory": {
      "total_memory_gb": 758.93,
      "available_memory_gb": 738.02,
      "memory_percent": 2.8
    },
    "kernel": "Linux gpu01 6.14.0-22-generic #22-Ubuntu SMP PREEMPT_DYNAMIC Wed May 21 15:01:51 UTC 2025 x86_64 x86_64 x86_64 GNU/Linux",
    "timestamp": "2025-07-19T15:35:58.350310"
  },
  "dataset": "sharegpt_vicuna",
  "config": {
    "num_samples": 5,
    "max_concurrent": 2,
    "model": "tinyllama-1.1b-chat-v1.0.Q4_K_M.gguf",
    "server_binary": "llama-server",
    "schedulers_tested": 10
  },
  "results": {
    "default": {
      "total_requests": 5,
      "successful_requests": 3,
      "failed_requests": 2,
      "ttft_mean": 2190.068085988363,
      "ttft_median": 2269.1688537597656,
      "ttft_p99": 4178.356475830078,
      "total_time_mean": 4109.354496002197,
      "total_time_median": 4196.250915527344,
      "total_time_p99": 5991.691074371338,
      "tokens_per_second_mean": 58.93279828026967,
      "tokens_per_second_median": 47.8999001838145,
      "total_tokens_generated": 603,
      "avg_response_tokens": 201.0
    },
    "scx_bpfland": {
      "total_requests": 5,
      "successful_requests": 3,
      "failed_requests": 2,
      "ttft_mean": 721.7849890391032,
      "ttft_median": 476.2308597564697,
      "ttft_p99": 1491.6533994674683,
      "total_time_mean": 1100.8704503377278,
      "total_time_median": 1459.65576171875,
      "total_time_p99": 1661.52907371521,
      "tokens_per_second_mean": 30.65532713931834,
      "tokens_per_second_median": 11.279892641707836,
      "total_tokens_generated": 122,
      "avg_response_tokens": 40.666666666666664
    },
    "scx_flash": {
      "total_requests": 5,
      "successful_requests": 3,
      "failed_requests": 2,
      "ttft_mean": 1859.6439361572266,
      "ttft_median": 1676.7144203186035,
      "ttft_p99": 3808.314609527588,
      "total_time_mean": 2970.5681800842285,
      "total_time_median": 3661.0705852508545,
      "total_time_p99": 3848.4409952163696,
      "tokens_per_second_mean": 51.845926373940195,
      "tokens_per_second_median": 54.90197343087489,
      "total_tokens_generated": 343,
      "avg_response_tokens": 114.33333333333333
    },
    "scx_flatcg": {
      "total_requests": 5,
      "successful_requests": 3,
      "failed_requests": 2,
      "ttft_mean": 2254.2962233225503,
      "ttft_median": 2200.5183696746826,
      "ttft_p99": 4465.093097686768,
      "total_time_mean": 4330.496470133464,
      "total_time_median": 4183.494329452515,
      "total_time_p99": 6612.89035320282,
      "tokens_per_second_mean": 57.29943548010707,
      "tokens_per_second_median": 48.04595971002654,
      "total_tokens_generated": 603,
      "avg_response_tokens": 201.0
    },
    "scx_lavd": {
      "total_requests": 5,
      "successful_requests": 3,
      "failed_requests": 2,
      "ttft_mean": 1518.8408692677815,
      "ttft_median": 2228.79958152771,
      "ttft_p99": 2249.873194694519,
      "total_time_mean": 2851.332664489746,
      "total_time_median": 2229.2392253875732,
      "total_time_p99": 4209.903483390808,
      "tokens_per_second_mean": 48.36052872036489,
      "tokens_per_second_median": 47.29049905660779,
      "total_tokens_generated": 404,
      "avg_response_tokens": 134.66666666666666
    },
    "scx_layered": {
      "total_requests": 5,
      "successful_requests": 3,
      "failed_requests": 2,
      "ttft_mean": 2418.4526602427163,
      "ttft_median": 2489.4981384277344,
      "ttft_p99": 4551.532483100891,
      "total_time_mean": 3832.32053120931,
      "total_time_median": 4545.248746871948,
      "total_time_p99": 4758.793354034424,
      "tokens_per_second_mean": 46.754017726396505,
      "tokens_per_second_median": 44.22200218158109,
      "total_tokens_generated": 422,
      "avg_response_tokens": 140.66666666666666
    },
    "scx_nest": {
      "total_requests": 5,
      "successful_requests": 3,
      "failed_requests": 2,
      "ttft_mean": 988.4762763977051,
      "ttft_median": 432.12389945983887,
      "ttft_p99": 2443.778820037842,
      "total_time_mean": 1655.477523803711,
      "total_time_median": 2331.3918113708496,
      "total_time_p99": 2482.1480655670166,
      "tokens_per_second_mean": 53.418244012785046,
      "tokens_per_second_median": 79.35174134939622,
      "total_tokens_generated": 199,
      "avg_response_tokens": 66.33333333333333
    },
    "scx_p2dq": {
      "total_requests": 5,
      "successful_requests": 3,
      "failed_requests": 2,
      "ttft_mean": 870.2418804168701,
      "ttft_median": 141.5846347808838,
      "ttft_p99": 2377.3848724365234,
      "total_time_mean": 2234.1323693593345,
      "total_time_median": 2127.1915435791016,
      "total_time_p99": 4440.647530555725,
      "tokens_per_second_mean": 69.32388711320996,
      "tokens_per_second_median": 68.69339156544288,
      "total_tokens_generated": 408,
      "avg_response_tokens": 136.0
    },
    "scx_rusty": {
      "total_requests": 5,
      "successful_requests": 3,
      "failed_requests": 2,
      "ttft_mean": 1546.0375150044758,
      "ttft_median": 2270.0724601745605,
      "ttft_p99": 2288.715877532959,
      "total_time_mean": 2616.151809692383,
      "total_time_median": 2270.427942276001,
      "total_time_p99": 3467.0878076553345,
      "tokens_per_second_mean": 42.582860451655094,
      "tokens_per_second_median": 34.36908939986283,
      "total_tokens_generated": 315,
      "avg_response_tokens": 105.0
    },
    "scx_simple": {
      "total_requests": 5,
      "successful_requests": 3,
      "failed_requests": 2,
      "ttft_mean": 1054.6187559763591,
      "ttft_median": 465.59596061706543,
      "ttft_p99": 2481.665234565735,
      "total_time_mean": 2375.1800855000815,
      "total_time_median": 2464.4675254821777,
      "total_time_p99": 4444.746961593628,
      "tokens_per_second_mean": 45.91432461944779,
      "tokens_per_second_median": 44.81444651025126,
      "total_tokens_generated": 404,
      "avg_response_tokens": 134.66666666666666
    }
  }
}