{
  "test_info": {
    "timestamp": "2025-08-07T14:55:12.933517",
    "kernel_dir": "/root/yunwei37/ai-os/workloads/linux-build-bench/linux",
    "config": "defconfig",
    "jobs": 172,
    "repeat": 1,
    "clean_between": false
  },
  "results": {
    "baseline": {
      "build_times": [
        42.43886709213257
      ],
      "avg_build_time": 42.43886709213257,
      "std_build_time": 0.0,
      "min_build_time": 42.43886709213257,
      "max_build_time": 42.43886709213257,
      "scheduler": "baseline",
      "jobs": 172,
      "config": "defconfig",
      "runs": 1
    },
    "scx_bpfland": {
      "build_times": [
        46.766374349594116
      ],
      "avg_build_time": 46.766374349594116,
      "std_build_time": 0.0,
      "min_build_time": 46.766374349594116,
      "max_build_time": 46.766374349594116,
      "scheduler": "scx_bpfland",
      "jobs": 172,
      "config": "defconfig",
      "runs": 1
    },
    "scx_central": {
      "build_times": [
        41.11802291870117
      ],
      "avg_build_time": 41.11802291870117,
      "std_build_time": 0.0,
      "min_build_time": 41.11802291870117,
      "max_build_time": 41.11802291870117,
      "scheduler": "scx_central",
      "jobs": 172,
      "config": "defconfig",
      "runs": 1
    },
    "scx_chaos": {
      "build_times": [
        51.28413987159729
      ],
      "avg_build_time": 51.28413987159729,
      "std_build_time": 0.0,
      "min_build_time": 51.28413987159729,
      "max_build_time": 51.28413987159729,
      "scheduler": "scx_chaos",
      "jobs": 172,
      "config": "defconfig",
      "runs": 1
    },
    "scx_flash": {
      "build_times": [
        54.789310455322266
      ],
      "avg_build_time": 54.789310455322266,
      "std_build_time": 0.0,
      "min_build_time": 54.789310455322266,
      "max_build_time": 54.789310455322266,
      "scheduler": "scx_flash",
      "jobs": 172,
      "config": "defconfig",
      "runs": 1
    },
    "scx_flatcg": {
      "build_times": [
        45.85053586959839
      ],
      "avg_build_time": 45.85053586959839,
      "std_build_time": 0.0,
      "min_build_time": 45.85053586959839,
      "max_build_time": 45.85053586959839,
      "scheduler": "scx_flatcg",
      "jobs": 172,
      "config": "defconfig",
      "runs": 1
    },
    "scx_lavd": {
      "build_times": [
        45.35906267166138
      ],
      "avg_build_time": 45.35906267166138,
      "std_build_time": 0.0,
      "min_build_time": 45.35906267166138,
      "max_build_time": 45.35906267166138,
      "scheduler": "scx_lavd",
      "jobs": 172,
      "config": "defconfig",
      "runs": 1
    },
    "scx_layered": {
      "build_times": [
        42.9783833026886
      ],
      "avg_build_time": 42.9783833026886,
      "std_build_time": 0.0,
      "min_build_time": 42.9783833026886,
      "max_build_time": 42.9783833026886,
      "scheduler": "scx_layered",
      "jobs": 172,
      "config": "defconfig",
      "runs": 1
    },
    "scx_mitosis": {
      "build_times": [
        47.36477565765381
      ],
      "avg_build_time": 47.36477565765381,
      "std_build_time": 0.0,
      "min_build_time": 47.36477565765381,
      "max_build_time": 47.36477565765381,
      "scheduler": "scx_mitosis",
      "jobs": 172,
      "config": "defconfig",
      "runs": 1
    },
    "scx_nest": {
      "build_times": [
        41.85435247421265
      ],
      "avg_build_time": 41.85435247421265,
      "std_build_time": 0.0,
      "min_build_time": 41.85435247421265,
      "max_build_time": 41.85435247421265,
      "scheduler": "scx_nest",
      "jobs": 172,
      "config": "defconfig",
      "runs": 1
    },
    "scx_p2dq": {
      "build_times": [
        46.88556957244873
      ],
      "avg_build_time": 46.88556957244873,
      "std_build_time": 0.0,
      "min_build_time": 46.88556957244873,
      "max_build_time": 46.88556957244873,
      "scheduler": "scx_p2dq",
      "jobs": 172,
      "config": "defconfig",
      "runs": 1
    },
    "scx_pair": {
      "build_times": [
        42.22379493713379
      ],
      "avg_build_time": 42.22379493713379,
      "std_build_time": 0.0,
      "min_build_time": 42.22379493713379,
      "max_build_time": 42.22379493713379,
      "scheduler": "scx_pair",
      "jobs": 172,
      "config": "defconfig",
      "runs": 1
    },
    "scx_prev": {
      "build_times": [
        44.61025786399841
      ],
      "avg_build_time": 44.61025786399841,
      "std_build_time": 0.0,
      "min_build_time": 44.61025786399841,
      "max_build_time": 44.61025786399841,
      "scheduler": "scx_prev",
      "jobs": 172,
      "config": "defconfig",
      "runs": 1
    },
    "scx_qmap": {
      "build_times": [
        54.33183217048645
      ],
      "avg_build_time": 54.33183217048645,
      "std_build_time": 0.0,
      "min_build_time": 54.33183217048645,
      "max_build_time": 54.33183217048645,
      "scheduler": "scx_qmap",
      "jobs": 172,
      "config": "defconfig",
      "runs": 1
    },
    "scx_rlfifo": {
      "build_times": [
        50.363823890686035
      ],
      "avg_build_time": 50.363823890686035,
      "std_build_time": 0.0,
      "min_build_time": 50.363823890686035,
      "max_build_time": 50.363823890686035,
      "scheduler": "scx_rlfifo",
      "jobs": 172,
      "config": "defconfig",
      "runs": 1
    },
    "scx_rustland": {
      "build_times": [
        52.66017413139343
      ],
      "avg_build_time": 52.66017413139343,
      "std_build_time": 0.0,
      "min_build_time": 52.66017413139343,
      "max_build_time": 52.66017413139343,
      "scheduler": "scx_rustland",
      "jobs": 172,
      "config": "defconfig",
      "runs": 1
    },
    "scx_rusty": {
      "build_times": [
        42.884631872177124
      ],
      "avg_build_time": 42.884631872177124,
      "std_build_time": 0.0,
      "min_build_time": 42.884631872177124,
      "max_build_time": 42.884631872177124,
      "scheduler": "scx_rusty",
      "jobs": 172,
      "config": "defconfig",
      "runs": 1
    },
    "scx_sdt": {
      "build_times": [
        46.84542417526245
      ],
      "avg_build_time": 46.84542417526245,
      "std_build_time": 0.0,
      "min_build_time": 46.84542417526245,
      "max_build_time": 46.84542417526245,
      "scheduler": "scx_sdt",
      "jobs": 172,
      "config": "defconfig",
      "runs": 1
    },
    "scx_simple": {
      "build_times": [
        46.51191806793213
      ],
      "avg_build_time": 46.51191806793213,
      "std_build_time": 0.0,
      "min_build_time": 46.51191806793213,
      "max_build_time": 46.51191806793213,
      "scheduler": "scx_simple",
      "jobs": 172,
      "config": "defconfig",
      "runs": 1
    },
    "scx_tickless": {
      "build_times": [
        43.53731656074524
      ],
      "avg_build_time": 43.53731656074524,
      "std_build_time": 0.0,
      "min_build_time": 43.53731656074524,
      "max_build_time": 43.53731656074524,
      "scheduler": "scx_tickless",
      "jobs": 172,
      "config": "defconfig",
      "runs": 1
    },
    "scx_userland": {
      "build_times": [
        70.11263418197632
      ],
      "avg_build_time": 70.11263418197632,
      "std_build_time": 0.0,
      "min_build_time": 70.11263418197632,
      "max_build_time": 70.11263418197632,
      "scheduler": "scx_userland",
      "jobs": 172,
      "config": "defconfig",
      "runs": 1
    }
  }
}