{
  "test_info": {
    "timestamp": "2025-08-07T15:06:02.492141",
    "kernel_dir": "/root/yunwei37/ai-os/workloads/linux-build-bench/linux",
    "config": "defconfig",
    "jobs": 172,
    "repeat": 1,
    "clean_between": false
  },
  "results": {
    "baseline": {
      "build_times": [
        19.86278247833252
      ],
      "avg_build_time": 19.86278247833252,
      "std_build_time": 0.0,
      "min_build_time": 19.86278247833252,
      "max_build_time": 19.86278247833252,
      "scheduler": "baseline",
      "jobs": 172,
      "config": "defconfig",
      "runs": 1
    },
    "scx_bpfland": {
      "build_times": [
        12.849671840667725
      ],
      "avg_build_time": 12.849671840667725,
      "std_build_time": 0.0,
      "min_build_time": 12.849671840667725,
      "max_build_time": 12.849671840667725,
      "scheduler": "scx_bpfland",
      "jobs": 172,
      "config": "defconfig",
      "runs": 1
    },
    "scx_central": {
      "build_times": [
        7.601630210876465
      ],
      "avg_build_time": 7.601630210876465,
      "std_build_time": 0.0,
      "min_build_time": 7.601630210876465,
      "max_build_time": 7.601630210876465,
      "scheduler": "scx_central",
      "jobs": 172,
      "config": "defconfig",
      "runs": 1
    },
    "scx_chaos": {
      "build_times": [
        10.905762195587158
      ],
      "avg_build_time": 10.905762195587158,
      "std_build_time": 0.0,
      "min_build_time": 10.905762195587158,
      "max_build_time": 10.905762195587158,
      "scheduler": "scx_chaos",
      "jobs": 172,
      "config": "defconfig",
      "runs": 1
    },
    "scx_flash": {
      "build_times": [
        12.523626804351807
      ],
      "avg_build_time": 12.523626804351807,
      "std_build_time": 0.0,
      "min_build_time": 12.523626804351807,
      "max_build_time": 12.523626804351807,
      "scheduler": "scx_flash",
      "jobs": 172,
      "config": "defconfig",
      "runs": 1
    },
    "scx_flatcg": {
      "build_times": [
        13.774533987045288
      ],
      "avg_build_time": 13.774533987045288,
      "std_build_time": 0.0,
      "min_build_time": 13.774533987045288,
      "max_build_time": 13.774533987045288,
      "scheduler": "scx_flatcg",
      "jobs": 172,
      "config": "defconfig",
      "runs": 1
    },
    "scx_lavd": {
      "build_times": [
        9.297688961029053
      ],
      "avg_build_time": 9.297688961029053,
      "std_build_time": 0.0,
      "min_build_time": 9.297688961029053,
      "max_build_time": 9.297688961029053,
      "scheduler": "scx_lavd",
      "jobs": 172,
      "config": "defconfig",
      "runs": 1
    },
    "scx_layered": {
      "build_times": [
        8.276358366012573
      ],
      "avg_build_time": 8.276358366012573,
      "std_build_time": 0.0,
      "min_build_time": 8.276358366012573,
      "max_build_time": 8.276358366012573,
      "scheduler": "scx_layered",
      "jobs": 172,
      "config": "defconfig",
      "runs": 1
    },
    "scx_mitosis": {
      "build_times": [
        14.351672887802124
      ],
      "avg_build_time": 14.351672887802124,
      "std_build_time": 0.0,
      "min_build_time": 14.351672887802124,
      "max_build_time": 14.351672887802124,
      "scheduler": "scx_mitosis",
      "jobs": 172,
      "config": "defconfig",
      "runs": 1
    },
    "scx_nest": {
      "build_times": [
        8.382061004638672
      ],
      "avg_build_time": 8.382061004638672,
      "std_build_time": 0.0,
      "min_build_time": 8.382061004638672,
      "max_build_time": 8.382061004638672,
      "scheduler": "scx_nest",
      "jobs": 172,
      "config": "defconfig",
      "runs": 1
    },
    "scx_p2dq": {
      "build_times": [
        11.294062614440918
      ],
      "avg_build_time": 11.294062614440918,
      "std_build_time": 0.0,
      "min_build_time": 11.294062614440918,
      "max_build_time": 11.294062614440918,
      "scheduler": "scx_p2dq",
      "jobs": 172,
      "config": "defconfig",
      "runs": 1
    },
    "scx_pair": {
      "build_times": [
        13.958435773849487
      ],
      "avg_build_time": 13.958435773849487,
      "std_build_time": 0.0,
      "min_build_time": 13.958435773849487,
      "max_build_time": 13.958435773849487,
      "scheduler": "scx_pair",
      "jobs": 172,
      "config": "defconfig",
      "runs": 1
    },
    "scx_prev": {
      "build_times": [
        14.301932573318481
      ],
      "avg_build_time": 14.301932573318481,
      "std_build_time": 0.0,
      "min_build_time": 14.301932573318481,
      "max_build_time": 14.301932573318481,
      "scheduler": "scx_prev",
      "jobs": 172,
      "config": "defconfig",
      "runs": 1
    },
    "scx_qmap": {
      "build_times": [
        14.903640270233154
      ],
      "avg_build_time": 14.903640270233154,
      "std_build_time": 0.0,
      "min_build_time": 14.903640270233154,
      "max_build_time": 14.903640270233154,
      "scheduler": "scx_qmap",
      "jobs": 172,
      "config": "defconfig",
      "runs": 1
    },
    "scx_rlfifo": {
      "build_times": [
        14.962918281555176
      ],
      "avg_build_time": 14.962918281555176,
      "std_build_time": 0.0,
      "min_build_time": 14.962918281555176,
      "max_build_time": 14.962918281555176,
      "scheduler": "scx_rlfifo",
      "jobs": 172,
      "config": "defconfig",
      "runs": 1
    },
    "scx_rustland": {
      "build_times": [
        12.558220386505127
      ],
      "avg_build_time": 12.558220386505127,
      "std_build_time": 0.0,
      "min_build_time": 12.558220386505127,
      "max_build_time": 12.558220386505127,
      "scheduler": "scx_rustland",
      "jobs": 172,
      "config": "defconfig",
      "runs": 1
    },
    "scx_rusty": {
      "build_times": [
        9.175675868988037
      ],
      "avg_build_time": 9.175675868988037,
      "std_build_time": 0.0,
      "min_build_time": 9.175675868988037,
      "max_build_time": 9.175675868988037,
      "scheduler": "scx_rusty",
      "jobs": 172,
      "config": "defconfig",
      "runs": 1
    },
    "scx_sdt": {
      "build_times": [
        13.862672567367554
      ],
      "avg_build_time": 13.862672567367554,
      "std_build_time": 0.0,
      "min_build_time": 13.862672567367554,
      "max_build_time": 13.862672567367554,
      "scheduler": "scx_sdt",
      "jobs": 172,
      "config": "defconfig",
      "runs": 1
    },
    "scx_simple": {
      "build_times": [
        13.876909732818604
      ],
      "avg_build_time": 13.876909732818604,
      "std_build_time": 0.0,
      "min_build_time": 13.876909732818604,
      "max_build_time": 13.876909732818604,
      "scheduler": "scx_simple",
      "jobs": 172,
      "config": "defconfig",
      "runs": 1
    },
    "scx_tickless": {
      "build_times": [
        7.363659381866455
      ],
      "avg_build_time": 7.363659381866455,
      "std_build_time": 0.0,
      "min_build_time": 7.363659381866455,
      "max_build_time": 7.363659381866455,
      "scheduler": "scx_tickless",
      "jobs": 172,
      "config": "defconfig",
      "runs": 1
    },
    "scx_userland": {
      "build_times": [
        12.332546472549438
      ],
      "avg_build_time": 12.332546472549438,
      "std_build_time": 0.0,
      "min_build_time": 12.332546472549438,
      "max_build_time": 12.332546472549438,
      "scheduler": "scx_userland",
      "jobs": 172,
      "config": "defconfig",
      "runs": 1
    }
  }
}