{
  "default": {
    "total_requests": 20,
    "successful_requests": 12,
    "failed_requests": 8,
    "ttft_mean": 5186.199684937795,
    "ttft_median": 6951.799511909485,
    "ttft_p99": 9008.69329214096,
    "total_time_mean": 5820.746600627899,
    "total_time_median": 7120.034337043762,
    "total_time_p99": 9119.6808552742,
    "tokens_per_second_mean": 21.688957481822086,
    "tokens_per_second_median": 8.881085288695314,
    "total_tokens_generated": 832,
    "avg_response_tokens": 69.33333333333333
  },
  "scx_bpfland": {
    "total_requests": 20,
    "successful_requests": 12,
    "failed_requests": 8,
    "ttft_mean": 16234.647671381632,
    "ttft_median": 20450.90627670288,
    "ttft_p99": 28748.571298122406,
    "total_time_mean": 17662.58329153061,
    "total_time_median": 21078.165411949158,
    "total_time_p99": 28951.700527668,
    "tokens_per_second_mean": 19.746793399222167,
    "tokens_per_second_median": 8.05046499743543,
    "total_tokens_generated": 1753,
    "avg_response_tokens": 146.08333333333334
  },
  "scx_central": {
    "total_requests": 20,
    "successful_requests": 12,
    "failed_requests": 8,
    "ttft_mean": 13602.975289026896,
    "ttft_median": 18095.197439193726,
    "ttft_p99": 19523.956582546234,
    "total_time_mean": 14356.275935967764,
    "total_time_median": 18322.425961494446,
    "total_time_p99": 21357.426121234894,
    "tokens_per_second_mean": 19.370017487169388,
    "tokens_per_second_median": 3.19783391618469,
    "total_tokens_generated": 815,
    "avg_response_tokens": 67.91666666666667
  },
  "scx_chaos": {
    "total_requests": 20,
    "successful_requests": 12,
    "failed_requests": 8,
    "ttft_mean": 6436.319311459859,
    "ttft_median": 8337.754368782043,
    "ttft_p99": 12108.511970043184,
    "total_time_mean": 6812.5666578610735,
    "total_time_median": 8805.953860282898,
    "total_time_p99": 12408.898499011993,
    "tokens_per_second_mean": 15.356070116566064,
    "tokens_per_second_median": 5.49798223800103,
    "total_tokens_generated": 480,
    "avg_response_tokens": 40.0
  },
  "scx_flash": {
    "total_requests": 20,
    "successful_requests": 12,
    "failed_requests": 8,
    "ttft_mean": 16037.275969982147,
    "ttft_median": 22391.201496124268,
    "ttft_p99": 29335.63606262207,
    "total_time_mean": 16898.044029871624,
    "total_time_median": 22401.7071723938,
    "total_time_p99": 29550.50436258316,
    "tokens_per_second_mean": 16.912362499411884,
    "tokens_per_second_median": 7.076231695370113,
    "total_tokens_generated": 1005,
    "avg_response_tokens": 83.75
  },
  "scx_flatcg": {
    "total_requests": 20,
    "successful_requests": 12,
    "failed_requests": 8,
    "ttft_mean": 11346.738715966543,
    "ttft_median": 16256.688475608826,
    "ttft_p99": 20935.952067375183,
    "total_time_mean": 12185.734808444977,
    "total_time_median": 17883.233308792114,
    "total_time_p99": 22146.308789253235,
    "tokens_per_second_mean": 18.318825632037527,
    "tokens_per_second_median": 7.540887200579041,
    "total_tokens_generated": 930,
    "avg_response_tokens": 77.5
  },
  "scx_lavd": {
    "total_requests": 20,
    "successful_requests": 12,
    "failed_requests": 8,
    "ttft_mean": 13262.989660104116,
    "ttft_median": 15762.619733810425,
    "ttft_p99": 27792.558162212372,
    "total_time_mean": 14021.583278973898,
    "total_time_median": 15962.45002746582,
    "total_time_p99": 27871.017909049988,
    "tokens_per_second_mean": 16.830010471515685,
    "tokens_per_second_median": 6.5494945486635725,
    "total_tokens_generated": 879,
    "avg_response_tokens": 73.25
  },
  "scx_layered": {
    "total_requests": 20,
    "successful_requests": 12,
    "failed_requests": 8,
    "ttft_mean": 6326.710959275563,
    "ttft_median": 8754.294037818909,
    "ttft_p99": 10820.345685482025,
    "total_time_mean": 6671.48224512736,
    "total_time_median": 8899.87850189209,
    "total_time_p99": 10838.063206672668,
    "tokens_per_second_mean": 13.39761168602155,
    "tokens_per_second_median": 3.2172841452507193,
    "total_tokens_generated": 436,
    "avg_response_tokens": 36.333333333333336
  },
  "scx_mitosis": {
    "total_requests": 20,
    "successful_requests": 12,
    "failed_requests": 8,
    "ttft_mean": 7496.511101722717,
    "ttft_median": 9182.758569717407,
    "ttft_p99": 14227.546260356905,
    "total_time_mean": 8150.870482126872,
    "total_time_median": 9476.585268974304,
    "total_time_p99": 14556.867213249207,
    "tokens_per_second_mean": 17.14808710111246,
    "tokens_per_second_median": 5.517103098632971,
    "total_tokens_generated": 662,
    "avg_response_tokens": 55.166666666666664
  },
  "scx_nest": {
    "total_requests": 20,
    "successful_requests": 12,
    "failed_requests": 8,
    "ttft_mean": 5138.49139213562,
    "ttft_median": 4293.057322502136,
    "ttft_p99": 10453.397316932678,
    "total_time_mean": 5891.307353973389,
    "total_time_median": 5816.869616508484,
    "total_time_p99": 10511.045014858246,
    "tokens_per_second_mean": 18.425683736382954,
    "tokens_per_second_median": 13.562311439078542,
    "total_tokens_generated": 905,
    "avg_response_tokens": 75.41666666666667
  },
  "scx_p2dq": {
    "total_requests": 20,
    "successful_requests": 12,
    "failed_requests": 8,
    "ttft_mean": 14083.94338687261,
    "ttft_median": 19430.023431777954,
    "ttft_p99": 23403.513412475586,
    "total_time_mean": 14932.307104269663,
    "total_time_median": 20448.96411895752,
    "total_time_p99": 23571.922986507416,
    "tokens_per_second_mean": 18.2035143289801,
    "tokens_per_second_median": 4.5381583027829455,
    "total_tokens_generated": 925,
    "avg_response_tokens": 77.08333333333333
  },
  "scx_pair": {
    "total_requests": 20,
    "successful_requests": 12,
    "failed_requests": 8,
    "ttft_mean": 15735.564589500427,
    "ttft_median": 18484.058260917664,
    "ttft_p99": 25680.736520290375,
    "total_time_mean": 16770.17629146576,
    "total_time_median": 19565.884351730347,
    "total_time_p99": 26162.76295900345,
    "tokens_per_second_mean": 19.508770173392858,
    "tokens_per_second_median": 8.1866239767934,
    "total_tokens_generated": 1221,
    "avg_response_tokens": 101.75
  },
  "scx_prev": {
    "total_requests": 20,
    "successful_requests": 12,
    "failed_requests": 8,
    "ttft_mean": 8439.576784769693,
    "ttft_median": 10230.480670928955,
    "ttft_p99": 17473.478770256042,
    "total_time_mean": 9251.280744870504,
    "total_time_median": 10360.446691513062,
    "total_time_p99": 17629.781889915466,
    "tokens_per_second_mean": 18.592805889572812,
    "tokens_per_second_median": 8.514492915351116,
    "total_tokens_generated": 989,
    "avg_response_tokens": 82.41666666666667
  },
  "scx_qmap": {
    "total_requests": 20,
    "successful_requests": 12,
    "failed_requests": 8,
    "ttft_mean": 17929.41204706828,
    "ttft_median": 22906.508326530457,
    "ttft_p99": 30615.267503261566,
    "total_time_mean": 18853.763103485107,
    "total_time_median": 24479.525089263916,
    "total_time_p99": 30826.42783164978,
    "tokens_per_second_mean": 5.868911242354642,
    "tokens_per_second_median": 3.351701011839289,
    "total_tokens_generated": 1037,
    "avg_response_tokens": 86.41666666666667
  },
  "scx_rlfifo": {
    "total_requests": 20,
    "successful_requests": 12,
    "failed_requests": 8,
    "ttft_mean": 11816.89327955246,
    "ttft_median": 16608.87622833252,
    "ttft_p99": 22346.245548725128,
    "total_time_mean": 12550.589501857758,
    "total_time_median": 18264.58430290222,
    "total_time_p99": 22422.55912065506,
    "tokens_per_second_mean": 16.084971730797392,
    "tokens_per_second_median": 8.498831929085165,
    "total_tokens_generated": 770,
    "avg_response_tokens": 64.16666666666667
  },
  "scx_rustland": {
    "total_requests": 20,
    "successful_requests": 12,
    "failed_requests": 8,
    "ttft_mean": 16102.200865745544,
    "ttft_median": 19400.18320083618,