{
  "system_info": {
    "system": {
      "platform": "Linux",
      "platform_release": "6.13.0-rc4+",
      "platform_version": "#12 SMP PREEMPT_DYNAMIC Fri Jan 24 07:08:46 CST 2025",
      "architecture": "x86_64",
      "hostname": "victoryang00-ASUS-Zenbook-S-14-UX5406SA-UX5406SA",
      "processor": "x86_64",
      "python_version": "3.13.3"
    },
    "cpu": {
      "cpu_count": 8,
      "cpu_count_logical": 8,
      "cpu_freq": 812.607,
      "cpu_percent": 0.4
    },
    "memory": {
      "total_memory_gb": 30.33,
      "available_memory_gb": 17.17,
      "memory_percent": 43.4
    },
    "kernel": "Linux victoryang00-ASUS-Zenbook-S-14-UX5406SA-UX5406SA 6.13.0-rc4+ #12 SMP PREEMPT_DYNAMIC Fri Jan 24 07:08:46 CST 2025 x86_64 x86_64 x86_64 GNU/Linux",
    "timestamp": "2025-08-05T12:41:21.060781"
  },
  "dataset": "sharegpt_vicuna",
  "config": {
    "num_samples": 30,
    "max_concurrent": 4,
    "model": "Llama-3.2-3B-Instruct-Q4_K_M.gguf",
    "server_binary": "llama-server",
    "schedulers_tested": 21
  },
  "results": {
    "default": {
      "total_requests": 30,
      "successful_requests": 17,
      "failed_requests": 13,
      "ttft_mean": 74696.70687002294,
      "ttft_median": 66144.57869529724,
      "ttft_p99": 160371.80292129517,
      "total_time_mean": 116218.66879743688,
      "total_time_median": 108042.06609725952,
      "total_time_p99": 195849.38217163086,
      "tokens_per_second_mean": 2.3240292844469015,
      "tokens_per_second_median": 1.8603864888983122,
      "total_tokens_generated": 3239,
      "avg_response_tokens": 190.52941176470588
    },
    "scx_bpfland": {
      "total_requests": 30,
      "successful_requests": 17,
      "failed_requests": 13,
      "ttft_mean": 95425.31048550326,
      "ttft_median": 120029.42061424255,
      "ttft_p99": 198258.61682891846,
      "total_time_mean": 136636.98026713202,
      "total_time_median": 159644.99425888062,
      "total_time_p99": 216829.48440551758,
      "tokens_per_second_mean": 1.8884402741466615,
      "tokens_per_second_median": 1.25904354804923,
      "total_tokens_generated": 3417,
      "avg_response_tokens": 201.0
    },
    "scx_central": {
      "total_requests": 30,
      "successful_requests": 16,
      "failed_requests": 14,
      "ttft_mean": 80654.18329834938,
      "ttft_median": 86998.95799160004,
      "ttft_p99": 145598.35379123688,
      "total_time_mean": 119331.65918290615,
      "total_time_median": 123478.20889949799,
      "total_time_p99": 175732.801759243,
      "tokens_per_second_mean": 2.0351629516443226,
      "tokens_per_second_median": 1.6613702419833318,
      "total_tokens_generated": 3216,
      "avg_response_tokens": 201.0
    },
    "scx_chaos": {
      "total_requests": 30,
      "successful_requests": 17,
      "failed_requests": 13,
      "ttft_mean": 67818.41867110308,
      "ttft_median": 71714.2653465271,
      "ttft_p99": 151799.79968070984,
      "total_time_mean": 103203.2787659589,
      "total_time_median": 100739.71033096313,
      "total_time_p99": 176614.87056732178,
      "tokens_per_second_mean": 2.374364394459665,
      "tokens_per_second_median": 1.9952409962233244,
      "total_tokens_generated": 3365,
      "avg_response_tokens": 197.94117647058823
    },
    "scx_flash": {
      "total_requests": 30,
      "successful_requests": 17,
      "failed_requests": 13,
      "ttft_mean": 67340.24223159341,
      "ttft_median": 66140.59495925903,
      "ttft_p99": 154937.56890296936,
      "total_time_mean": 103094.40614195431,
      "total_time_median": 100918.710231781,
      "total_time_p99": 178482.9280757904,
      "tokens_per_second_mean": 2.545184368180554,
      "tokens_per_second_median": 1.9917020296668606,
      "total_tokens_generated": 3269,
      "avg_response_tokens": 192.2941176470588
    },
    "scx_flatcg": {
      "total_requests": 30,
      "successful_requests": 16,
      "failed_requests": 14,
      "ttft_mean": 61725.39000213146,
      "ttft_median": 53869.81928348541,
      "ttft_p99": 136460.12785434723,
      "total_time_mean": 96107.73167014122,
      "total_time_median": 89542.2568321228,
      "total_time_p99": 171989.00656700134,
      "tokens_per_second_mean": 2.978927200162306,
      "tokens_per_second_median": 2.358230338471964,
      "total_tokens_generated": 3216,
      "avg_response_tokens": 201.0
    },
    "scx_lavd": {
      "total_requests": 30,
      "successful_requests": 17,
      "failed_requests": 13,
      "ttft_mean": 64726.05699651381,
      "ttft_median": 52439.895153045654,
      "ttft_p99": 140506.68558120728,
      "total_time_mean": 99984.80378880221,
      "total_time_median": 87646.00253105164,
      "total_time_p99": 171465.85738182068,
      "tokens_per_second_mean": 2.6864911167977152,
      "tokens_per_second_median": 2.293316228869523,
      "total_tokens_generated": 3243,
      "avg_response_tokens": 190.76470588235293
    },
    "scx_layered": {
      "total_requests": 30,
      "successful_requests": 17,
      "failed_requests": 13,
      "ttft_mean": 76817.43749450234,
      "ttft_median": 70838.95349502563,
      "ttft_p99": 156963.93091201782,
      "total_time_mean": 115387.85060714273,
      "total_time_median": 105741.32895469666,
      "total_time_p99": 186546.86486244202,
      "tokens_per_second_mean": 2.1074189248435515,
      "tokens_per_second_median": 1.4435326872124365,
      "total_tokens_generated": 3279,
      "avg_response_tokens": 192.88235294117646
    },
    "scx_mitosis": {
      "total_requests": 30,
      "successful_requests": 17,
      "failed_requests": 13,
      "ttft_mean": 70491.65467654957,
      "ttft_median": 71653.99956703186,
      "ttft_p99": 148281.8688583374,
      "total_time_mean": 116941.78785997278,
      "total_time_median": 110164.67881202698,
      "total_time_p99": 255867.1201992035,
      "tokens_per_second_mean": 2.2729282951690144,
      "tokens_per_second_median": 1.8245412428693641,
      "total_tokens_generated": 3339,
      "avg_response_tokens": 196.41176470588235
    },
    "scx_nest": {
      "total_requests": 30,
      "successful_requests": 12,
      "failed_requests": 18,
      "ttft_mean": 154336.07429265976,
      "ttft_median": 196141.4840221405,
      "ttft_p99": 234446.71178102493,
      "total_time_mean": 232709.14075771967,
      "total_time_median": 231679.4831752777,
      "total_time_p99": 272941.3256788254,
      "tokens_per_second_mean": 0.8788654089642991,
      "tokens_per_second_median": 0.8675736377203807,
      "total_tokens_generated": 2408,
      "avg_response_tokens": 200.66666666666666
    },
    "scx_p2dq": {
      "total_requests": 30,
      "successful_requests": 16,
      "failed_requests": 14,
      "ttft_mean": 67533.44006836414,
      "ttft_median": 64234.35401916504,
      "ttft_p99": 148387.83303499222,
      "total_time_mean": 109656.64279460907,
      "total_time_median": 105347.07307815552,
      "total_time_p99": 188779.80439662933,
      "tokens_per_second_mean": 2.545617596776787,
      "tokens_per_second_median": 1.9998172197741355,
      "total_tokens_generated": 3216,
      "avg_response_tokens": 201.0
    },
    "scx_pair": {
      "total_requests": 30,
      "successful_requests": 17,
      "failed_requests": 13,
      "ttft_mean": 73784.63230413549,
      "ttft_median": 46953.10664176941,
      "ttft_p99": 178036.5251159668,
      "total_time_mean": 121270.91828514548,
      "total_time_median": 91082.45825767517,
      "total_time_p99": 223128.43118667603,
      "tokens_per_second_mean": 2.2857933621324147,
      "tokens_per_second_median": 1.3302597935652218,
      "total_tokens_generated": 3226,
      "avg_response_tokens": 189.76470588235293
    },
    "scx_prev": {
      "total_requests": 30,
      "successful_requests": 17,
      "failed_requests": 13,
      "ttft_mean": 81039.81608503005,
      "ttft_median": 86741.8863773346,
      "ttft_p99": 186567.70979881287,
      "total_time_mean": 123448.78837641548,