{
  "system_info": {
    "system": {
      "platform": "Linux",
      "platform_release": "6.14.0-27-generic",
      "platform_version": "#27-Ubuntu SMP PREEMPT_DYNAMIC Tue Jul 22 17:01:58 UTC 2025",
      "architecture": "x86_64",
      "hostname": "gpu01",
      "processor": "x86_64",
      "python_version": "3.12.2"
    },
    "cpu": {
      "cpu_count": 86,
      "cpu_count_logical": 86,
      "cpu_freq": 811.6279069767442,
      "cpu_percent": 0.1
    },
    "memory": {
      "total_memory_gb": 891.2,
      "available_memory_gb": 866.28,
      "memory_percent": 2.8
    },
    "kernel": "Linux gpu01 6.14.0-27-generic #27-Ubuntu SMP PREEMPT_DYNAMIC Tue Jul 22 17:01:58 UTC 2025 x86_64 x86_64 x86_64 GNU/Linux",
    "timestamp": "2025-08-16T14:16:37.074874"
  },
  "dataset": "sharegpt_vicuna",
  "config": {
    "num_samples": 100,
    "max_concurrent": 128,
    "model": "Llama-3.2-3B-Instruct-Q4_K_M.gguf",
    "server_binary": "llama-server",
    "schedulers_tested": 21
  },
  "results": {
    "default": {
      "total_requests": 100,
      "successful_requests": 100,
      "failed_requests": 0,
      "ttft_mean": 69818.90553236008,
      "ttft_median": 61390.00630378723,
      "ttft_p99": 167992.6830339433,
      "total_time_mean": 126529.94228124619,
      "total_time_median": 125836.38644218445,
      "total_time_p99": 198107.15198278427,
      "tokens_per_second_mean": 1.9878300695109798,
      "tokens_per_second_median": 1.5380318288323496,
      "total_tokens_generated": 19704,
      "avg_response_tokens": 197.04
    },
    "scx_bpfland": {
      "total_requests": 100,
      "successful_requests": 100,
      "failed_requests": 0,
      "ttft_mean": 71818.99074316025,
      "ttft_median": 66742.26689338684,
      "ttft_p99": 170276.0815334321,
      "total_time_mean": 127676.55647993088,
      "total_time_median": 130977.41794586182,
      "total_time_p99": 196743.08241128922,
      "tokens_per_second_mean": 1.9595790105342266,
      "tokens_per_second_median": 1.4977290861324353,
      "total_tokens_generated": 19543,
      "avg_response_tokens": 195.43
    },
    "scx_central": {
      "total_requests": 100,
      "successful_requests": 100,
      "failed_requests": 0,
      "ttft_mean": 69442.11428642273,
      "ttft_median": 65357.47694969177,
      "ttft_p99": 159424.98629808432,
      "total_time_mean": 128352.94325351715,
      "total_time_median": 127972.63038158417,
      "total_time_p99": 205850.6749367714,
      "tokens_per_second_mean": 1.9772426497658262,
      "tokens_per_second_median": 1.5706350827666893,
      "total_tokens_generated": 19269,
      "avg_response_tokens": 192.69
    },
    "scx_chaos": {
      "total_requests": 100,
      "successful_requests": 100,
      "failed_requests": 0,
      "ttft_mean": 68239.61724281311,
      "ttft_median": 64160.65073013306,
      "ttft_p99": 151633.26204299944,
      "total_time_mean": 125882.56493330002,
      "total_time_median": 126966.49074554443,
      "total_time_p99": 198514.74300146103,
      "tokens_per_second_mean": 2.012596193144216,
      "tokens_per_second_median": 1.5830394319611998,
      "total_tokens_generated": 19458,
      "avg_response_tokens": 194.58
    },
    "scx_flash": {
      "total_requests": 100,
      "successful_requests": 100,
      "failed_requests": 0,
      "ttft_mean": 70668.36380958557,
      "ttft_median": 62736.5026473999,
      "ttft_p99": 165354.5248937607,
      "total_time_mean": 131652.7466917038,
      "total_time_median": 132314.18371200562,
      "total_time_p99": 211353.47960472107,
      "tokens_per_second_mean": 1.9665129842331899,
      "tokens_per_second_median": 1.5191085513129787,
      "total_tokens_generated": 19368,
      "avg_response_tokens": 193.68
    },
    "scx_flatcg": {
      "total_requests": 100,
      "successful_requests": 100,
      "failed_requests": 0,
      "ttft_mean": 71332.64234781265,
      "ttft_median": 68059.55958366394,
      "ttft_p99": 158777.41591453555,
      "total_time_mean": 129122.5764632225,
      "total_time_median": 129573.88830184937,
      "total_time_p99": 197558.73734474182,
      "tokens_per_second_mean": 1.8729451815508642,
      "tokens_per_second_median": 1.5332332515514766,
      "total_tokens_generated": 19212,
      "avg_response_tokens": 192.12
    },
    "scx_lavd": {
      "total_requests": 100,
      "successful_requests": 100,
      "failed_requests": 0,
      "ttft_mean": 70473.71937990189,
      "ttft_median": 67052.25563049316,
      "ttft_p99": 172915.55830240253,
      "total_time_mean": 129237.17012643814,
      "total_time_median": 130807.59847164154,
      "total_time_p99": 207175.96565485,
      "tokens_per_second_mean": 1.9627280069656223,
      "tokens_per_second_median": 1.53658768186196,
      "total_tokens_generated": 19458,
      "avg_response_tokens": 194.58
    },
    "scx_layered": {
      "total_requests": 100,
      "successful_requests": 100,
      "failed_requests": 0,
      "ttft_mean": 67541.12255573273,
      "ttft_median": 63258.39698314667,
      "ttft_p99": 159462.58409261706,
      "total_time_mean": 124719.51461553574,
      "total_time_median": 122522.99320697784,
      "total_time_p99": 202376.0030579567,
      "tokens_per_second_mean": 2.005734509751899,
      "tokens_per_second_median": 1.6206124715236434,
      "total_tokens_generated": 19091,
      "avg_response_tokens": 190.91
    },
    "scx_mitosis": {
      "total_requests": 100,
      "successful_requests": 100,
      "failed_requests": 0,
      "ttft_mean": 69294.13076639175,
      "ttft_median": 63261.65688037872,
      "ttft_p99": 176054.43502664566,
      "total_time_mean": 126693.33797216415,
      "total_time_median": 128024.53827857971,
      "total_time_p99": 201807.0057797432,
      "tokens_per_second_mean": 2.0029225383277725,
      "tokens_per_second_median": 1.5494897776205625,
      "total_tokens_generated": 19527,
      "avg_response_tokens": 195.27
    },
    "scx_nest": {
      "total_requests": 100,
      "successful_requests": 100,
      "failed_requests": 0,
      "ttft_mean": 68211.2593960762,
      "ttft_median": 65488.709926605225,
      "ttft_p99": 152346.3546657563,
      "total_time_mean": 125853.13151597977,
      "total_time_median": 124617.73407459259,
      "total_time_p99": 201899.25254821777,
      "tokens_per_second_mean": 1.996598390844777,
      "tokens_per_second_median": 1.6128788826890956,
      "total_tokens_generated": 19360,
      "avg_response_tokens": 193.6
    },
    "scx_p2dq": {
      "total_requests": 100,
      "successful_requests": 100,
      "failed_requests": 0,
      "ttft_mean": 74429.96431827545,
      "ttft_median": 71659.10851955414,
      "ttft_p99": 157377.82969236383,
      "total_time_mean": 133239.21221971512,
      "total_time_median": 136081.1461210251,
      "total_time_p99": 204357.99288749695,
      "tokens_per_second_mean": 1.7232927964228801,
      "tokens_per_second_median": 1.4405298773807458,
      "total_tokens_generated": 19036,
      "avg_response_tokens": 190.36
    },
    "scx_pair": {
      "total_requests": 100,
      "successful_requests": 100,
      "failed_requests": 0,
      "ttft_mean": 66964.8075056076,
      "ttft_median": 64418.519258499146,
      "ttft_p99": 153021.0462117196,
      "total_time_mean": 124220.47699689865,
      "total_time_median": 125122.66421318054,
      "total_time_p99": 200440.72679758072,
      "tokens_per_second_mean": 1.996356908672222,
      "tokens_per_second_median": 1.5651692614519668,
      "total_tokens_generated": 19182,
      "avg_response_tokens": 191.82
    },
    "scx_prev": {
      "total_requests": 100,
      "successful_requests": 100,
      "failed_requests": 0,
      "ttft_mean": 69575.37910699844,
      "ttft_median": 66930.92083930969,
      "ttft_p99": 165040.75961828235,
      "total_time_mean": 127927.93348312378,
      "total_time_median": 130616.14179611206,
      "total_time_p99": 200490.05657196045,
      "tokens_per_second_mean": 1.924081156356196,