{
  "application": {
    "test_duration": 20.0001,
    "buffer_size": 68719476736,
    "block_size": 4096,
    "num_threads": 128,
    "read_ratio": 0.5,
    "num_readers": 64,
    "num_writers": 64,
    "read_bandwidth_mbps": 39715,
    "read_iops": 10167000.0,
    "write_bandwidth_mbps": 47307.9,
    "write_iops": 12110800.0,
    "total_bandwidth_mbps": 87022.9,
    "total_iops": 22277900.0,
    "total_read_bytes": 832889610240,
    "total_write_bytes": 992125517824,
    "total_read_ops": 203342190,
    "total_write_ops": 242218144,
    "numa_node": 1,
    "enable_numa": true,
    "device_path": "",
    "use_mmap": false,
    "is_cxl_mem": false,
    "random_access": true,
    "bandwidth_mbps": 87022.9,
    "execution_time": 20.0001
  },
  "perf_counters": {
    "instructions": 178645878624.0,
    "cycles": 2938373103398.0,
    "cache-references": 19700309960.0,
    "cache-misses": 18867558444.0,
    "longest_lat_cache.miss": 18842261083.0,
    "mem_inst_retired.all_loads": 41040865154.0,
    "mem_inst_retired.all_stores": 26043304046.0,
    "mem_load_retired.l3_hit": 45287714.0,
    "mem_load_retired.l3_miss": 397379731.0,
    "offcore_requests.l3_miss_demand_data_rd": 13383830038.0,
    "offcore_requests.demand_data_rd": 14456505386.0,
    "offcore_requests.demand_rfo": 16454715303.0,
    "cycle_activity.stalls_l3_miss": 786201475973.0,
    "memory_activity.stalls_l3_miss": 1312735744937.0,
    "seconds": 71.723913,
    "wall_time": 94.062490682
  },
  "perf_bandwidths": {
    "instructions_rate": 1899225475.8376927,
    "cycles_rate": 31238521137.31338,
    "cache_references_bandwidth_mbps": 12783.113522339752,
    "cache_misses_bandwidth_mbps": 12242.758716423363,
    "longest_lat_cache_miss_bandwidth_mbps": 12226.34379512846,
    "mem_loads_bandwidth_mbps": 26630.54740680942,
    "mem_stores_bandwidth_mbps": 16898.947924818753,
    "l3_hit_instructions_rate": 481464.1167976892,
    "l3_miss_instructions_rate": 4224635.432453454,
    "offcore_l3_miss_data_rd_bandwidth_mbps": 8684.483598828348,
    "offcore_data_read_bandwidth_mbps": 9380.519893381112,
    "offcore_rfo_bandwidth_mbps": 10677.115950110167,
    "stalls_l3_miss_cycles_rate": 8358288944.643576,
    "memory_stalls_l3_miss_cycles_rate": 13955996013.06547,
    "instructions_per_cycle": 0.06079754760122529,
    "cache_miss_rate_pct": 95.77290145337388,
    "l3_hit_rate_pct": 10.230640294770264,
    "l3_miss_rate_pct": 89.76935970522973
  },
  "test_params": {
    "buffer_size": 68719476736,
    "threads": 128,
    "duration": 20,
    "read_ratio": 0.5,
    "timeout": 300
  },
  "exit_code": 0
}