{
  "application": {
    "test_duration": 10.0001,
    "buffer_size": 1073741824,
    "block_size": 4096,
    "num_threads": 4,
    "read_ratio": 0.5,
    "num_readers": 2,
    "num_writers": 2,
    "read_bandwidth_mbps": 10076.4,
    "read_iops": 2579560.0,
    "write_bandwidth_mbps": 8438.68,
    "write_iops": 2160300.0,
    "total_bandwidth_mbps": 18515.1,
    "total_iops": 4739860.0,
    "total_read_bytes": 105660203008,
    "total_write_bytes": 88487079936,
    "total_read_ops": 25795948,
    "total_write_ops": 21603291,
    "numa_node": 1,
    "enable_numa": true,
    "device_path": "",
    "use_mmap": false,
    "is_cxl_mem": false,
    "bandwidth_mbps": 18515.1,
    "execution_time": 10.0001
  },
  "perf_counters": {
    "instructions": 9776976846.0,
    "cycles": 125930414908.0,
    "cache-references": 3413991864.0,
    "cache-misses": 1822724941.0,
    "longest_lat_cache.miss": 1823856191.0,
    "mem_inst_retired.all_loads": 2353679971.0,
    "mem_inst_retired.all_stores": 1275070359.0,
    "mem_load_retired.l3_hit": 4006895.0,
    "mem_load_retired.l3_miss": 27324490.0,
    "mem_load_l3_miss_retired.local_dram": 19664574.0,
    "mem_load_l3_miss_retired.remote_dram": 0.0,
    "mem_load_l3_miss_retired.remote_fwd": 7859830.0,
    "mem_load_l3_miss_retired.remote_hitm": 4887558.0,
    "offcore_requests.l3_miss_demand_data_rd": 761745555.0,
    "offcore_requests.demand_data_rd": 1954199315.0,
    "offcore_requests.demand_rfo": 1455996454.0,
    "cycle_activity.stalls_l3_miss": 25390957602.0,
    "memory_activity.stalls_l3_miss": 42589622123.0,
    "seconds": 4.270417,
    "wall_time": 10.822018622
  },
  "perf_bandwidths": {
    "cache_references_bw": 19254.589567224342,
    "cache_misses_bw": 10279.995392777013,
    "l3_hit_rate_ops": 370253.9368999434,
    "l3_miss_rate_ops": 2524897.706648947,
    "l3_miss_local_dram_rate": 1817089.2775978076,
    "l3_miss_remote_dram_rate": 0.0,
    "l3_miss_remote_fwd_rate": 726281.3227859183,
    "l3_miss_remote_hitm_rate": 451630.8990694324,
    "offcore_l3_miss_data_rd_bw": 4296.172516063886,
    "offcore_data_read_bw": 11021.498363733639,
    "offcore_rfo_bw": 8211.681588560468,
    "memory_instructions_bw": 20465.806899790517,
    "cache_miss_rate": 53.38984431159148,
    "l3_hit_rate": 12.788757981812807,
    "l3_miss_rate_precise": 87.21124201818719,
    "l3_miss_local_dram_pct": 60.67073014586405,
    "l3_miss_remote_dram_pct": 0.0,
    "l3_miss_remote_fwd_pct": 24.249781608407414,
    "l3_miss_remote_hitm_pct": 15.079488245728538,
    "l3_miss_rate": 0.8354820639292427,
    "instructions_per_cycle": 0.07763793086160074
  },
  "test_params": {
    "buffer_size": 1073741824,
    "threads": 4,
    "duration": 10,
    "read_ratio": 0.5,
    "timeout": 300
  },
  "exit_code": 0
}