{
  "application": {
    "test_duration": 10.0002,
    "buffer_size": 34359738368,
    "block_size": 4096,
    "num_threads": 16,
    "read_ratio": 0.5,
    "num_readers": 8,
    "num_writers": 8,
    "read_bandwidth_mbps": 29443.7,
    "read_iops": 7537590.0,
    "write_bandwidth_mbps": 23113.4,
    "write_iops": 5917040.0,
    "total_bandwidth_mbps": 52557.2,
    "total_iops": 13454600.0,
    "total_read_bytes": 308744577024,
    "total_write_bytes": 242365779968,
    "total_read_ops": 75377094,
    "total_write_ops": 59171333,
    "numa_node": 1,
    "enable_numa": true,
    "device_path": "",
    "use_mmap": false,
    "is_cxl_mem": false,
    "bandwidth_mbps": 52557.2,
    "execution_time": 10.0002
  },
  "perf_counters": {
    "instructions": 83355154863.0,
    "cycles": 547506722759.0,
    "cache-references": 9495864400.0,
    "cache-misses": 9233366091.0,
    "longest_lat_cache.miss": 9237928879.0,
    "mem_inst_retired.all_loads": 19656714074.0,
    "mem_inst_retired.all_stores": 12162253075.0,
    "mem_load_retired.l3_hit": 22930881.0,
    "mem_load_retired.l3_miss": 177759996.0,
    "mem_load_l3_miss_retired.local_dram": 26223275.0,
    "mem_load_l3_miss_retired.remote_dram": 0.0,
    "mem_load_l3_miss_retired.remote_fwd": 96554877.0,
    "mem_load_l3_miss_retired.remote_hitm": 69741598.0,
    "offcore_requests.l3_miss_demand_data_rd": 435173684.0,
    "offcore_requests.demand_data_rd": 4991578518.0,
    "offcore_requests.demand_rfo": 4472199364.0,
    "cycle_activity.stalls_l3_miss": 39245843433.0,
    "memory_activity.stalls_l3_miss": 67638998856.0,
    "seconds": 54.146987,
    "wall_time": 38.231221097
  },
  "perf_bandwidths": {
    "instructions_rate": 2180290152.164166,
    "cycles_rate": 14320932134.75629,
    "cache_references_bandwidth_mbps": 15159.902057857424,
    "cache_misses_bandwidth_mbps": 14740.830292806399,
    "longest_lat_cache_miss_bandwidth_mbps": 14748.114665905783,
    "mem_loads_bandwidth_mbps": 31381.435916581497,
    "mem_stores_bandwidth_mbps": 19416.722654535304,
    "l3_hit_instructions_rate": 599794.6270620005,
    "l3_miss_instructions_rate": 4649602.88736236,
    "l3_miss_local_dram_instructions_rate": 685912.5669427738,
    "l3_miss_remote_dram_instructions_rate": 0.0,
    "l3_miss_remote_fwd_instructions_rate": 2525550.4331138576,
    "l3_miss_remote_hitm_instructions_rate": 1824205.3483735735,
    "offcore_l3_miss_data_rd_bandwidth_mbps": 694.7435377865122,
    "offcore_data_read_bandwidth_mbps": 7968.926077649668,
    "offcore_rfo_bandwidth_mbps": 7139.750683618888,
    "stalls_l3_miss_cycles_rate": 1026539103.5621307,
    "memory_stalls_l3_miss_cycles_rate": 1769208435.2834764,
    "instructions_per_cycle": 0.1522449887792356,
    "cache_miss_rate_pct": 97.23565651379774,
    "l3_hit_rate_pct": 11.425970797865416,
    "l3_miss_rate_pct": 88.57402920213458
  },
  "test_params": {
    "buffer_size": 34359738368,
    "threads": 16,
    "duration": 10,
    "read_ratio": 0.5,
    "timeout": 300
  },
  "exit_code": 0
}