{
  "application": {
    "test_duration": 10.0001,
    "buffer_size": 68719476736,
    "block_size": 4096,
    "num_threads": 128,
    "read_ratio": 0.5,
    "num_readers": 64,
    "num_writers": 64,
    "read_bandwidth_mbps": 71494.9,
    "read_iops": 18302700.0,
    "write_bandwidth_mbps": 66655.3,
    "write_iops": 17063800.0,
    "total_bandwidth_mbps": 138150,
    "total_iops": 35366500.0,
    "total_read_bytes": 749687767040,
    "total_write_bytes": 698940157952,
    "total_read_ops": 183029240,
    "total_write_ops": 170639687,
    "numa_node": 1,
    "enable_numa": true,
    "device_path": "",
    "use_mmap": false,
    "is_cxl_mem": false,
    "random_access": true,
    "bandwidth_mbps": 138150,
    "execution_time": 10.0001
  },
  "perf_counters": {
    "instructions": 193372436138.0,
    "cycles": 1509346693285.0,
    "cache-references": 23900857980.0,
    "cache-misses": 23492732919.0,
    "longest_lat_cache.miss": 23501302319.0,
    "mem_inst_retired.all_loads": 44413859433.0,
    "mem_inst_retired.all_stores": 28038393846.0,
    "mem_load_retired.l3_hit": 39220462.0,
    "mem_load_retired.l3_miss": 449025292.0,
    "mem_load_l3_miss_retired.local_dram": 335853353.0,
    "mem_load_l3_miss_retired.remote_dram": 0.0,
    "mem_load_l3_miss_retired.remote_fwd": 13226255.0,
    "mem_load_l3_miss_retired.remote_hitm": 104447519.0,
    "offcore_requests.l3_miss_demand_data_rd": 11905352215.0,
    "offcore_requests.demand_data_rd": 12777859572.0,
    "offcore_requests.demand_rfo": 12235966539.0,
    "cycle_activity.stalls_l3_miss": 364728717334.0,
    "memory_activity.stalls_l3_miss": 612378805650.0,
    "seconds": 107.335495,
    "wall_time": 67.541432473
  },
  "perf_bandwidths": {
    "instructions_rate": 2863019469.0540733,
    "cycles_rate": 22346974857.075592,
    "cache_references_bandwidth_mbps": 21598.48478045707,
    "cache_misses_bandwidth_mbps": 21229.674467207737,
    "longest_lat_cache_miss_bandwidth_mbps": 21237.418375632802,
    "mem_loads_bandwidth_mbps": 40135.46575640588,
    "mem_stores_bandwidth_mbps": 25337.451201879077,
    "l3_hit_instructions_rate": 580687.4471559152,
    "l3_miss_instructions_rate": 6648145.820411788,
    "l3_miss_local_dram_instructions_rate": 4972553.004916781,
    "l3_miss_remote_dram_instructions_rate": 0.0,
    "l3_miss_remote_fwd_instructions_rate": 195824.31872891143,
    "l3_miss_remote_hitm_instructions_rate": 1546421.4360830055,
    "offcore_l3_miss_data_rd_bandwidth_mbps": 10758.50786766017,
    "offcore_data_read_bandwidth_mbps": 11546.96646135461,
    "offcore_rfo_bandwidth_mbps": 11057.27406471847,
    "stalls_l3_miss_cycles_rate": 5400073761.832072,
    "memory_stalls_l3_miss_cycles_rate": 9066713322.889639,
    "instructions_per_cycle": 0.12811664609483248,
    "cache_miss_rate_pct": 98.29242506130318,
    "l3_hit_rate_pct": 8.032934578269778,
    "l3_miss_rate_pct": 91.96706542173023
  },
  "test_params": {
    "buffer_size": 68719476736,
    "threads": 128,
    "duration": 10,
    "read_ratio": 0.5,
    "timeout": 300
  },
  "exit_code": 0
}