{
  "summary": {
    "total_tests": 10,
    "successful_tests": 7,
    "parallel_tracked_tests": 2,
    "success_rate": 0.7,
    "avg_imbalance_ratio": 231.21804550981005,
    "max_imbalance_ratio": 394.91660844783036
  },
  "results": {
    "pigz_compression": {
      "test_id": "pigz_compression",
      "test_name": "Pigz Directory Compression",
      "start_time": 1753106031.733681,
      "expected_improvement": 0.33,
      "workload_characteristics": {
        "small_tasks": 99,
        "large_tasks": 1,
        "size_ratio": 100,
        "expected_runtime_seconds": 15
      },
      "setup_time": 1.1048510074615479,
      "status": "success",
      "parallel_execution": {
        "short_tasks": {
          "count": 99,
          "total_time": 0.8511817455291748,
          "avg_time": 0.008597795409385604,
          "min_time": 0.002710580825805664,
          "max_time": 0.021121978759765625,
          "times": [
            0.00998997688293457,
            0.008398056030273438,
            0.013625383377075195,
            0.01313018798828125,
            0.008416175842285156,
            0.009381771087646484,
            0.011528253555297852,
            0.005874156951904297,
            0.008501768112182617,
            0.014409065246582031,
            0.00977945327758789,
            0.007660865783691406,
            0.007130622863769531,
            0.011759757995605469,
            0.014181852340698242,
            0.007702350616455078,
            0.0057947635650634766,
            0.009545087814331055,
            0.008831024169921875,
            0.006899833679199219,
            0.01506805419921875,
            0.0157623291015625,
            0.006615161895751953,
            0.009674072265625,
            0.014810800552368164,
            0.014168500900268555,
            0.01317906379699707,
            0.021121978759765625,
            0.010851621627807617,
            0.009269952774047852,
            0.01740407943725586,
            0.008067131042480469,
            0.0073010921478271484,
            0.007159709930419922,
            0.006468534469604492,
            0.0073719024658203125,
            0.009414434432983398,
            0.007433176040649414,
            0.010262727737426758,
            0.010718345642089844,
            0.01061391830444336,
            0.010963678359985352,
            0.011999368667602539,
            0.010184288024902344,
            0.009050369262695312,
            0.007612705230712891,
            0.012251138687133789,
            0.008203506469726562,
            0.007341623306274414,
            0.017286300659179688,
            0.007157564163208008,
            0.007657289505004883,
            0.005799055099487305,
            0.006812095642089844,
            0.00971221923828125,
            0.015308618545532227,
            0.010918855667114258,
            0.008462667465209961,
            0.007029056549072266,
            0.0059642791748046875,
            0.010225772857666016,
            0.006424903869628906,
            0.00936126708984375,
            0.018056392669677734,
            0.011637687683105469,
            0.006720781326293945,
            0.009640216827392578,
            0.007931947708129883,
            0.008688211441040039,
            0.009754180908203125,
            0.007786750793457031,
            0.0044403076171875,
            0.004300832748413086,
            0.0038781166076660156,
            0.004393339157104492,
            0.0028998851776123047,
            0.002710580825805664,
            0.0041310787200927734,
            0.0029866695404052734,
            0.0037605762481689453,
            0.004002809524536133,
            0.0030264854431152344,
            0.004813671112060547,
            0.0031676292419433594,
            0.0033996105194091797,
            0.0031898021697998047,
            0.005491495132446289,
            0.0040819644927978516,
            0.0038094520568847656,
            0.0042912960052490234,
            0.0048487186431884766,
            0.0051958560943603516,
            0.004128456115722656,
            0.004209995269775391,
            0.0046803951263427734,
            0.008433818817138672,
            0.011885881423950195,
            0.011688947677612305,
            0.012114286422729492
          ]
        },
        "long_tasks": {
          "count": 1,
          "total_time": 1.426145076751709,
          "avg_time": 1.426145076751709,
          "min_time": 1.426145076751709,
          "max_time": 1.426145076751709,
          "times": [
            1.426145076751709
          ]
        },
        "imbalance_ratio": 67.51948257178978,
        "wall_clock_time": 1.6591386795043945,
        "short_tasks_completion_time": 0.021121978759765625,
        "long_tasks_completion_time": 1.426145076751709,
        "parallel_efficiency": 0.3431489559030035
      },
      "cleanup_time": 0.04207420349121094,
      "total_time": 2.8062901496887207
    },
    "ffmpeg_transcode": {
      "test_id": "ffmpeg_transcode",
      "test_name": "FFmpeg Split Transcode",
      "start_time": 1753106034.542238,
      "expected_improvement": 0.33,
      "workload_characteristics": {
        "small_tasks": 99,
        "large_tasks": 1,
        "size_ratio": 100,
        "expected_runtime_seconds": 15
      },
      "setup_time": 7.136853456497192,
      "status": "success",
      "parallel_execution": {
        "wall_clock_time": 1.05012845993042,
        "status": "success",
        "output": "No output",
        "note": "Parallel tracking not implemented for this test"
      },
      "cleanup_time": 0.004464626312255859,
      "total_time": 8.19149398803711
    },
    "pytest_suite": {
      "error": "Missing dependencies: python3-pytest-xdist",
      "missing_dependencies": [
        "python3-pytest-xdist"
      ]
    },
    "git_compression": {
      "test_id": "git_compression",
      "test_name": "Git Incremental Compression",
      "start_time": 1753106042.8145769,
      "expected_improvement": 0.3,
      "workload_characteristics": {
        "small_tasks": 99,
        "large_tasks": 1,
        "size_ratio": 100,
        "expected_runtime_seconds": 20
      },
      "status": "failed",
      "error": "Setup failed: Command 'for i in {1..99}; do echo \"small change $i\" > file$i.txt && git add file$i.txt && git commit -m \"commit $i\" --quiet; done' returned non-zero exit status 1.",
      "setup_time": 0.025724172592163086
    },
    "file_checksum": {
      "error": "Missing dependencies: coreutils",
      "missing_dependencies": [
        "coreutils"
      ]
    },
    "sort_compress": {
      "test_id": "sort_compress",
      "test_name": "Sort and Compress with Skew",
      "start_time": 1753106042.8450673,
      "expected_improvement": 0.3,
      "workload_characteristics": {
        "small_tasks": 99,
        "large_tasks": 1,
        "size_ratio": 100,
        "expected_runtime_seconds": 18
      },
      "setup_time": 1.6605620384216309,
      "status": "success",
      "parallel_execution": {
        "short_tasks": {
          "count": 99,
          "total_time": 1.1533842086791992,
          "avg_time": 0.011650345542214134,
          "min_time": 0.004189014434814453,
          "max_time": 0.0214998722076416,