{
  "default": {
    "build_time": 26.95557141304016,
    "recall": 0.94,
    "avg_query_time_ms": 0.2764315605163574,
    "p95_query_time_ms": 0.3006458282470703,
    "p99_query_time_ms": 0.3245210647583007,
    "total_search_time": 0.27723145484924316,
    "qps": 3607.09429795329,
    "num_queries": 1000,
    "total_results": 10000,
    "scheduler": "default",
    "exit_code": 0
  },
  "scx_bpfland": {
    "build_time": 29.582019805908203,
    "recall": 0.94,
    "avg_query_time_ms": 0.2533721923828125,
    "p95_query_time_ms": 0.32831430435180664,
    "p99_query_time_ms": 0.6323003768920898,
    "total_search_time": 0.25415730476379395,
    "qps": 3934.571154385547,
    "num_queries": 1000,
    "total_results": 10000,
    "scheduler": "scx_bpfland",
    "exit_code": 0
  },
  "scx_central": {
    "build_time": 26.375113487243652,
    "recall": 0.94,
    "avg_query_time_ms": 0.27508115768432617,
    "p95_query_time_ms": 0.2994656562805176,
    "p99_query_time_ms": 0.3168892860412597,
    "total_search_time": 0.27592015266418457,
    "qps": 3624.2369045695427,
    "num_queries": 1000,
    "total_results": 10000,
    "scheduler": "scx_central",
    "exit_code": 0
  },
  "scx_chaos": {
    "build_time": 26.28468084335327,
    "recall": 0.94,
    "avg_query_time_ms": 0.26555466651916504,
    "p95_query_time_ms": 0.29349327087402344,
    "p99_query_time_ms": 0.3204894065856933,
    "total_search_time": 0.2668764591217041,
    "qps": 3747.0521127679094,
    "num_queries": 1000,
    "total_results": 10000,
    "scheduler": "scx_chaos",
    "exit_code": 0
  },
  "scx_flash": {
    "build_time": 28.847517013549805,
    "recall": 0.94,
    "avg_query_time_ms": 0.3294823169708252,
    "p95_query_time_ms": 0.6495356559753417,
    "p99_query_time_ms": 0.7348275184631348,
    "total_search_time": 0.33075523376464844,
    "qps": 3023.3837530491146,
    "num_queries": 1000,
    "total_results": 10000,
    "scheduler": "scx_flash",
    "exit_code": 0
  },
  "scx_flatcg": {
    "build_time": 26.7153217792511,
    "recall": 0.94,
    "avg_query_time_ms": 0.27558255195617676,
    "p95_query_time_ms": 0.303041934967041,
    "p99_query_time_ms": 0.3299880027770996,
    "total_search_time": 0.27651023864746094,
    "qps": 3616.502610867001,
    "num_queries": 1000,
    "total_results": 10000,
    "scheduler": "scx_flatcg",
    "exit_code": 0
  },
  "scx_lavd": {
    "build_time": 30.61523985862732,
    "recall": 0.94,
    "avg_query_time_ms": 0.2945902347564697,
    "p95_query_time_ms": 0.6151437759399414,
    "p99_query_time_ms": 0.6892800331115723,
    "total_search_time": 0.29561805725097656,
    "qps": 3382.7432914593937,
    "num_queries": 1000,
    "total_results": 10000,
    "scheduler": "scx_lavd",
    "exit_code": 0
  },
  "scx_layered": {
    "build_time": 27.600610494613647,
    "recall": 0.94,
    "avg_query_time_ms": 0.26964592933654785,
    "p95_query_time_ms": 0.3023624420166015,
    "p99_query_time_ms": 0.34118175506591797,
    "total_search_time": 0.2706117630004883,
    "qps": 3695.33086408441,
    "num_queries": 1000,
    "total_results": 10000,
    "scheduler": "scx_layered",
    "exit_code": 0
  },
  "scx_mitosis": {
    "build_time": 31.014554738998413,
    "recall": 0.94,
    "avg_query_time_ms": 0.30989909172058105,
    "p95_query_time_ms": 0.6301999092102051,
    "p99_query_time_ms": 0.6917667388916015,
    "total_search_time": 0.310943603515625,
    "qps": 3216.0172735302776,
    "num_queries": 1000,
    "total_results": 10000,
    "scheduler": "scx_mitosis",
    "exit_code": 0
  },
  "scx_nest": {
    "build_time": 26.54077124595642,
    "recall": 0.94,
    "avg_query_time_ms": 0.27392077445983887,
    "p95_query_time_ms": 0.33118724822998047,
    "p99_query_time_ms": 0.36267042160034174,
    "total_search_time": 0.2749762535095215,
    "qps": 3636.677666660308,
    "num_queries": 1000,
    "total_results": 10000,
    "scheduler": "scx_nest",
    "exit_code": 0
  },
  "scx_p2dq": {
    "build_time": 26.309844970703125,
    "recall": 0.94,
    "avg_query_time_ms": 0.2720627784729004,
    "p95_query_time_ms": 0.29970407485961914,
    "p99_query_time_ms": 0.3185439109802246,
    "total_search_time": 0.27288818359375,
    "qps": 3664.5045851040036,
    "num_queries": 1000,
    "total_results": 10000,
    "scheduler": "scx_p2dq",
    "exit_code": 0
  },
  "scx_pair": {
    "build_time": 25.327876806259155,
    "recall": 0.94,
    "avg_query_time_ms": 0.25716400146484375,
    "p95_query_time_ms": 0.2808690071105957,
    "p99_query_time_ms": 0.30089855194091797,
    "total_search_time": 0.25798892974853516,
    "qps": 3876.1353092735867,
    "num_queries": 1000,
    "total_results": 10000,
    "scheduler": "scx_pair",
    "exit_code": 0
  },
  "scx_prev": {
    "build_time": 26.19926929473877,
    "recall": 0.94,
    "avg_query_time_ms": 0.2571437358856201,
    "p95_query_time_ms": 0.2842068672180176,
    "p99_query_time_ms": 0.3187680244445801,
    "total_search_time": 0.25799012184143066,
    "qps": 3876.117398846121,
    "num_queries": 1000,
    "total_results": 10000,
    "scheduler": "scx_prev",
    "exit_code": 0
  },
  "scx_qmap": {
    "build_time": 31.70701026916504,
    "recall": 0.94,
    "avg_query_time_ms": 0.30927252769470215,
    "p95_query_time_ms": 0.6353974342346191,
    "p99_query_time_ms": 0.7241082191467285,
    "total_search_time": 0.3103978633880615,
    "qps": 3221.6716606383116,
    "num_queries": 1000,
    "total_results": 10000,
    "scheduler": "scx_qmap",
    "exit_code": 0
  },
  "scx_rlfifo": {
    "build_time": 29.521334886550903,
    "recall": 0.94,
    "avg_query_time_ms": 0.30298757553100586,
    "p95_query_time_ms": 0.6345152854919432,
    "p99_query_time_ms": 0.7405948638916015,
    "total_search_time": 0.3040452003479004,
    "qps": 3288.9846603589235,
    "num_queries": 1000,
    "total_results": 10000,
    "scheduler": "scx_rlfifo",
    "exit_code": 0
  },
  "scx_rustland": {
    "build_time": 30.047425746917725,
    "recall": 0.94,
    "avg_query_time_ms": 0.2846379280090332,
    "p95_query_time_ms": 0.6187319755554198,
    "p99_query_time_ms": 0.6821966171264647,
    "total_search_time": 0.28555774688720703,
    "qps": 3501.9186518339907,
    "num_queries": 1000,
    "total_results": 10000,
    "scheduler": "scx_rustland",
    "exit_code": 0
  },
  "scx_rusty": {
    "build_time": 26.437793970108032,
    "recall": 0.94,
    "avg_query_time_ms": 0.2568984031677246,
    "p95_query_time_ms": 0.283968448638916,
    "p99_query_time_ms": 0.30518293380737305,
    "total_search_time": 0.25782036781311035,
    "qps": 3878.66951118805,
    "num_queries": 1000,
    "total_results": 10000,
    "scheduler": "scx_rusty",
    "exit_code": 0
  },
  "scx_sdt": {
    "build_time": 27.378560304641724,
    "recall": 0.94,
    "avg_query_time_ms": 0.26850080490112305,
    "p95_query_time_ms": 0.31235218048095703,
    "p99_query_time_ms": 0.619661808013916,
    "total_search_time": 0.2694711685180664,
    "qps": 3710.9721440680064,
    "num_queries": 1000,
    "total_results": 10000,
    "scheduler": "scx_sdt",
    "exit_code": 0
  },
  "scx_simple": {
    "build_time": 26.802233695983887,
    "recall": 0.94,
    "avg_query_time_ms": 0.2752871513366699,
    "p95_query_time_ms": 0.2999782562255859,
    "p99_query_time_ms": 0.634913444519043,
    "total_search_time": 0.2762019634246826,
    "qps": 3620.53907076113,
    "num_queries": 1000,
    "total_results": 10000,
    "scheduler": "scx_simple",
    "exit_code": 0
  },
  "scx_tickless": {
    "build_time": 26.981975317001343,
    "recall": 0.94,
    "avg_query_time_ms": 0.27336931228637695,
    "p95_query_time_ms": 0.2980351448059082,
    "p99_query_time_ms": 0.32092809677124023,
    "total_search_time": 0.27412962913513184,
    "qps": 3647.9092141734573,
    "num_queries": 1000,
    "total_results": 10000,
    "scheduler": "scx_tickless",
    "exit_code": 0
  },
  "scx_userland": {
    "build_time": 167.36290311813354,
    "recall": 0.94,